USE CloudPAT
GO

INSERT INTO StateLookUp Values('TG', 'Telangana','Y', getdate(), 'SYSTEM',Getdate(), 'SYSTEM')
INSERT INTO StateLookUp Values('AP', 'Andhra Pradesh','Y', getdate(), 'SYSTEM',Getdate(), 'SYSTEM')
INSERT INTO StateLookUp Values('KA', 'Karnataka','Y', getdate(), 'SYSTEM',Getdate(), 'SYSTEM')

GO


INSERT INTO ParliamentLookUp Values('9', 'Karimnagar','TG','Y', getdate(), 'SYSTEM',Getdate(), 'SYSTEM')
GO

INSERT INTO AssemblyLookUp Values('31', 'Huzurabad', '9','Y',getdate(), 'SYSTEM',Getdate(), 'SYSTEM')
GO


INSERT INTO MandalLookUp Values('Ellandakunta','Ellandakunta','31','Y',getdate(), 'SYSTEM',Getdate(), 'SYSTEM')
INSERT INTO MandalLookUp Values('Jammikunta','Jammikunta','31','Y',getdate(), 'SYSTEM',Getdate(), 'SYSTEM')
INSERT INTO MandalLookUp Values('Kamalapur','Kamalapur','31','Y',getdate(), 'SYSTEM',Getdate(), 'SYSTEM')
INSERT INTO MandalLookUp Values('Huzurabad','Huzurabad','31','Y',getdate(), 'SYSTEM',Getdate(), 'SYSTEM')
INSERT INTO MandalLookUp Values('Veenavanka','Veenavanka','31','Y',getdate(), 'SYSTEM',Getdate(), 'SYSTEM')

GO
 
 --Huzurabad----

INSERT INTO VillageLookUp Values('Bornapalli',	'Bornapalli',	'Huzurabad',	'Y',getdate(), 'SYSTEM',Getdate(), 'SYSTEM')
INSERT INTO VillageLookUp Values('Bothalapalli',	'Bothalapalli',	'Huzurabad',	'Y',getdate(), 'SYSTEM',Getdate(), 'SYSTEM')
INSERT INTO VillageLookUp Values('Chelpur',	'Chelpur',	'Huzurabad',	'Y',getdate(), 'SYSTEM',Getdate(), 'SYSTEM')
INSERT INTO VillageLookUp Values('Chinnapapaiahpalli H/O Kandugula',	'Chinnapapaiahpalli H/O Kandugula',	'Huzurabad',	'Y',getdate(), 'SYSTEM',Getdate(), 'SYSTEM')
INSERT INTO VillageLookUp Values('Dammakkapet',	'Dammakkapet',	'Huzurabad',	'Y',getdate(), 'SYSTEM',Getdate(), 'SYSTEM')
INSERT INTO VillageLookUp Values('Dharmaraja Palli',	'Dharmaraja Palli',	'Huzurabad',	'Y',getdate(), 'SYSTEM',Getdate(), 'SYSTEM')
INSERT INTO VillageLookUp Values('Huzurabad',	'Huzurabad',	'Huzurabad',	'Y',getdate(), 'SYSTEM',Getdate(), 'SYSTEM')
INSERT INTO VillageLookUp Values('Indira Nagar',	'Indira Nagar',	'Huzurabad',	'Y',getdate(), 'SYSTEM',Getdate(), 'SYSTEM')
INSERT INTO VillageLookUp Values('Ippalanarsingapur',	'Ippalanarsingapur',	'Huzurabad',	'Y',getdate(), 'SYSTEM',Getdate(), 'SYSTEM')
INSERT INTO VillageLookUp Values('Ippalnarsingapur H/O Huzurabad',	'Ippalnarsingapur H/O Huzurabad',	'Huzurabad',	'Y',getdate(), 'SYSTEM',Getdate(), 'SYSTEM')
INSERT INTO VillageLookUp Values('Jupaka',	'Jupaka',	'Huzurabad',	'Y',getdate(), 'SYSTEM',Getdate(), 'SYSTEM')
INSERT INTO VillageLookUp Values('Kandugula',	'Kandugula',	'Huzurabad',	'Y',getdate(), 'SYSTEM',Getdate(), 'SYSTEM')
INSERT INTO VillageLookUp Values('Kanukulagidda',	'Kanukulagidda',	'Huzurabad',	'Y',getdate(), 'SYSTEM',Getdate(), 'SYSTEM')
INSERT INTO VillageLookUp Values('Katrapalli',	'Katrapalli',	'Huzurabad',	'Y',getdate(), 'SYSTEM',Getdate(), 'SYSTEM')
INSERT INTO VillageLookUp Values('Peddapapaiahpalli',	'Peddapapaiahpalli',	'Huzurabad',	'Y',getdate(), 'SYSTEM',Getdate(), 'SYSTEM')
INSERT INTO VillageLookUp Values('Pothireddipeta',	'Pothireddipeta',	'Huzurabad',	'Y',getdate(), 'SYSTEM',Getdate(), 'SYSTEM')
INSERT INTO VillageLookUp Values('Rajapalli H/O Chelpur',	'Rajapalli H/O Chelpur',	'Huzurabad',	'Y',getdate(), 'SYSTEM',Getdate(), 'SYSTEM')
INSERT INTO VillageLookUp Values('Rampur',	'Rampur',	'Huzurabad',	'Y',getdate(), 'SYSTEM',Getdate(), 'SYSTEM')
INSERT INTO VillageLookUp Values('Rangapur',	'Rangapur',	'Huzurabad',	'Y',getdate(), 'SYSTEM',Getdate(), 'SYSTEM')
INSERT INTO VillageLookUp Values('Shalapalli H/O Chelpur',	'Shalapalli H/O Chelpur',	'Huzurabad',	'Y',getdate(), 'SYSTEM',Getdate(), 'SYSTEM')
INSERT INTO VillageLookUp Values('Singapur',	'Singapur',	'Huzurabad',	'Y',getdate(), 'SYSTEM',Getdate(), 'SYSTEM')
INSERT INTO VillageLookUp Values('Sirsapalle',	'Sirsapalle',	'Huzurabad',	'Y',getdate(), 'SYSTEM',Getdate(), 'SYSTEM')
INSERT INTO VillageLookUp Values('Thummanapalle',	'Thummanapalle',	'Huzurabad',	'Y',getdate(), 'SYSTEM',Getdate(), 'SYSTEM')
INSERT INTO VillageLookUp Values('Venkatrao Palli',	'Venkatrao Palli',	'Huzurabad',	'Y',getdate(), 'SYSTEM',Getdate(), 'SYSTEM')

---------------Veenavanka-------------------------
INSERT INTO VillageLookUp Values('Bethigal',	'Bethigal',	'Veenavanka',	'Y',getdate(), 'SYSTEM',Getdate(), 'SYSTEM')
INSERT INTO VillageLookUp Values('Bonthupalli',	'Bonthupalli',	'Veenavanka',	'Y',getdate(), 'SYSTEM',Getdate(), 'SYSTEM')
INSERT INTO VillageLookUp Values('Brahmanapally',	'Brahmanapally',	'Veenavanka',	'Y',getdate(), 'SYSTEM',Getdate(), 'SYSTEM')
INSERT INTO VillageLookUp Values('Challur',	'Challur',	'Veenavanka',	'Y',getdate(), 'SYSTEM',Getdate(), 'SYSTEM')
INSERT INTO VillageLookUp Values('Desaipally H/O Korkal',	'Desaipally H/O Korkal',	'Veenavanka',	'Y',getdate(), 'SYSTEM',Getdate(), 'SYSTEM')
INSERT INTO VillageLookUp Values('Deshaipally',	'Deshaipally',	'Veenavanka',	'Y',getdate(), 'SYSTEM',Getdate(), 'SYSTEM')
INSERT INTO VillageLookUp Values('Elbaka',	'Elbaka',	'Veenavanka',	'Y',getdate(), 'SYSTEM',Getdate(), 'SYSTEM')
INSERT INTO VillageLookUp Values('Gangaram H/O Elbaka',	'Gangaram H/O Elbaka',	'Veenavanka',	'Y',getdate(), 'SYSTEM',Getdate(), 'SYSTEM')
INSERT INTO VillageLookUp Values('Ghanmukula',	'Ghanmukula',	'Veenavanka',	'Y',getdate(), 'SYSTEM',Getdate(), 'SYSTEM')
INSERT INTO VillageLookUp Values('Himmathnagar',	'Himmathnagar',	'Veenavanka',	'Y',getdate(), 'SYSTEM',Getdate(), 'SYSTEM')
INSERT INTO VillageLookUp Values('Kanaparthi',	'Kanaparthi',	'Veenavanka',	'Y',getdate(), 'SYSTEM',Getdate(), 'SYSTEM')
INSERT INTO VillageLookUp Values('Kistampet H/O Ghanmukula',	'Kistampet H/O Ghanmukula',	'Veenavanka',	'Y',getdate(), 'SYSTEM',Getdate(), 'SYSTEM')
INSERT INTO VillageLookUp Values('Kondapaka',	'Kondapaka',	'Veenavanka',	'Y',getdate(), 'SYSTEM',Getdate(), 'SYSTEM')
INSERT INTO VillageLookUp Values('Korkal',	'Korkal',	'Veenavanka',	'Y',getdate(), 'SYSTEM',Getdate(), 'SYSTEM')
INSERT INTO VillageLookUp Values('Lasmakkapally H/O Veenavanka',	'Lasmakkapally H/O Veenavanka',	'Veenavanka',	'Y',getdate(), 'SYSTEM',Getdate(), 'SYSTEM')
INSERT INTO VillageLookUp Values('Mallannapalli H/O Ganmukula',	'Mallannapalli H/O Ganmukula',	'Veenavanka',	'Y',getdate(), 'SYSTEM',Getdate(), 'SYSTEM')
INSERT INTO VillageLookUp Values('Mallareddy Palli',	'Mallareddy Palli',	'Veenavanka',	'Y',getdate(), 'SYSTEM',Getdate(), 'SYSTEM')
INSERT INTO VillageLookUp Values('Mamidalapalli',	'Mamidalapalli',	'Veenavanka',	'Y',getdate(), 'SYSTEM',Getdate(), 'SYSTEM')
INSERT INTO VillageLookUp Values('Narsingapur',	'Narsingapur',	'Veenavanka',	'Y',getdate(), 'SYSTEM',Getdate(), 'SYSTEM')
INSERT INTO VillageLookUp Values('Narsingapur H/O Veenavanka',	'Narsingapur H/O Veenavanka',	'Veenavanka',	'Y',getdate(), 'SYSTEM',Getdate(), 'SYSTEM')
INSERT INTO VillageLookUp Values('Pothireddypalli',	'Pothireddypalli',	'Veenavanka',	'Y',getdate(), 'SYSTEM',Getdate(), 'SYSTEM')
INSERT INTO VillageLookUp Values('Ramakrishnapoor',	'Ramakrishnapoor',	'Veenavanka',	'Y',getdate(), 'SYSTEM',Getdate(), 'SYSTEM')
INSERT INTO VillageLookUp Values('Reddypally',	'Reddypally',	'Veenavanka',	'Y',getdate(), 'SYSTEM',Getdate(), 'SYSTEM')
INSERT INTO VillageLookUp Values('Sriramulapeta',	'Sriramulapeta',	'Veenavanka',	'Y',getdate(), 'SYSTEM',Getdate(), 'SYSTEM')
INSERT INTO VillageLookUp Values('Valbapur (Pb)',	'Valbapur (Pb)',	'Veenavanka',	'Y',getdate(), 'SYSTEM',Getdate(), 'SYSTEM')
INSERT INTO VillageLookUp Values('Valbhapur',	'Valbhapur',	'Veenavanka',	'Y',getdate(), 'SYSTEM',Getdate(), 'SYSTEM')
INSERT INTO VillageLookUp Values('Veenavanka',	'Veenavanka',	'Veenavanka',	'Y',getdate(), 'SYSTEM',Getdate(), 'SYSTEM')
			
------------------------Ellandakunta-----------------------------

INSERT INTO VillageLookUp Values('Bogampad',	'Bogampad',	'Ellandakunta',	'Y',getdate(), 'SYSTEM',Getdate(), 'SYSTEM')
INSERT INTO VillageLookUp Values('Bujunoor',	'Bujunoor',	'Ellandakunta',	'Y',getdate(), 'SYSTEM',Getdate(), 'SYSTEM')
INSERT INTO VillageLookUp Values('Chinna Komatipally',	'Chinna Komatipally',	'Ellandakunta',	'Y',getdate(), 'SYSTEM',Getdate(), 'SYSTEM')
INSERT INTO VillageLookUp Values('Ellanthakunta',	'Ellanthakunta',	'Ellandakunta',	'Y',getdate(), 'SYSTEM',Getdate(), 'SYSTEM')
INSERT INTO VillageLookUp Values('Kanagarthi',	'Kanagarthi',	'Ellandakunta',	'Y',getdate(), 'SYSTEM',Getdate(), 'SYSTEM')
INSERT INTO VillageLookUp Values('Mallial',	'Mallial',	'Ellandakunta',	'Y',getdate(), 'SYSTEM',Getdate(), 'SYSTEM')
INSERT INTO VillageLookUp Values('Malyal',	'Malyal',	'Ellandakunta',	'Y',getdate(), 'SYSTEM',Getdate(), 'SYSTEM')
INSERT INTO VillageLookUp Values('Marrivanipally',	'Marrivanipally',	'Ellandakunta',	'Y',getdate(), 'SYSTEM',Getdate(), 'SYSTEM')
INSERT INTO VillageLookUp Values('Patharlapalli',	'Patharlapalli',	'Ellandakunta',	'Y',getdate(), 'SYSTEM',Getdate(), 'SYSTEM')
INSERT INTO VillageLookUp Values('Rachapalli',	'Rachapalli',	'Ellandakunta',	'Y',getdate(), 'SYSTEM',Getdate(), 'SYSTEM')
INSERT INTO VillageLookUp Values('Seethampet',	'Seethampet',	'Ellandakunta',	'Y',getdate(), 'SYSTEM',Getdate(), 'SYSTEM')
INSERT INTO VillageLookUp Values('Seethampet H/O Bujunoor',	'Seethampet H/O Bujunoor',	'Ellandakunta',	'Y',getdate(), 'SYSTEM',Getdate(), 'SYSTEM')
INSERT INTO VillageLookUp Values('Sirisedu',	'Sirisedu',	'Ellandakunta',	'Y',getdate(), 'SYSTEM',Getdate(), 'SYSTEM')
INSERT INTO VillageLookUp Values('Sriramulapalli',	'Sriramulapalli',	'Ellandakunta',	'Y',getdate(), 'SYSTEM',Getdate(), 'SYSTEM')
INSERT INTO VillageLookUp Values('Tekurthy',	'Tekurthy',	'Ellandakunta',	'Y',getdate(), 'SYSTEM',Getdate(), 'SYSTEM')
INSERT INTO VillageLookUp Values('Vanthadupula',	'Vanthadupula',	'Ellandakunta',	'Y',getdate(), 'SYSTEM',Getdate(), 'SYSTEM')
			
			
			--------------------Jammikunta------------
INSERT INTO VillageLookUp Values('Kothapalli H/O Dharmaram(PB)','Kothapalli H/O Dharmaram(PB)',	'Jammikunta','Y',getdate(), 'SYSTEM',Getdate(), 'SYSTEM')
INSERT INTO VillageLookUp Values('Kothapalli',	'Kothapalli',	'Jammikunta',	'Y',getdate(), 'SYSTEM',Getdate(), 'SYSTEM')
INSERT INTO VillageLookUp Values('Kothapalli H/O',	'Kothapalli H/O',	'Jammikunta',	'Y',getdate(), 'SYSTEM',Getdate(), 'SYSTEM')
INSERT INTO VillageLookUp Values('Madipalli',	'Madipalli',	'Jammikunta',	'Y',getdate(), 'SYSTEM',Getdate(), 'SYSTEM')
INSERT INTO VillageLookUp Values('Ankusapur',	'Ankusapur',	'Jammikunta',	'Y',getdate(), 'SYSTEM',Getdate(), 'SYSTEM')
INSERT INTO VillageLookUp Values('Bijigirisharif',	'Bijigirisharif',	'Jammikunta',	'Y',getdate(), 'SYSTEM',Getdate(), 'SYSTEM')
INSERT INTO VillageLookUp Values('Dharmaram',	'Dharmaram',	'Jammikunta',	'Y',getdate(), 'SYSTEM',Getdate(), 'SYSTEM')
INSERT INTO VillageLookUp Values('Gandrapalli',	'Gandrapalli',	'Jammikunta',	'Y',getdate(), 'SYSTEM',Getdate(), 'SYSTEM')
INSERT INTO VillageLookUp Values('Gandrapally H/O Thanugula',	'Gandrapally H/O Thanugula','Jammikunta',	'Y',getdate(), 'SYSTEM',Getdate(), 'SYSTEM')
INSERT INTO VillageLookUp Values('Jaggaiahpally H/O Jammikunta','Jaggaiahpally H/O Jammikunta',	'Jammikunta','Y',getdate(), 'SYSTEM',Getdate(), 'SYSTEM')
INSERT INTO VillageLookUp Values('Jammikunta',	'Jammikunta',	'Jammikunta',	'Y',getdate(), 'SYSTEM',Getdate(), 'SYSTEM')
INSERT INTO VillageLookUp Values('Jammikunta (Abadi)',	'Jammikunta (Abadi)',	'Jammikunta',	'Y',getdate(), 'SYSTEM',Getdate(), 'SYSTEM')
INSERT INTO VillageLookUp Values('Korapalli',	'Korapalli',	'Jammikunta',	'Y',getdate(), 'SYSTEM',Getdate(), 'SYSTEM')
INSERT INTO VillageLookUp Values('Machanapalli',	'Machanapalli',	'Jammikunta',	'Y',getdate(), 'SYSTEM',Getdate(), 'SYSTEM')
INSERT INTO VillageLookUp Values('Machanapally H/O Jammikunta',	'Machanapally H/O Jammikunta','Jammikunta','Y',getdate(), 'SYSTEM',Getdate(), 'SYSTEM') 
INSERT INTO VillageLookUp Values('Jummikunta',	'Jammikunta','Jammikunta',	'Y',getdate(), 'SYSTEM',Getdate(), 'SYSTEM')
INSERT INTO VillageLookUp Values('Mothukulagudem',	'Mothukulagudem',	'Jammikunta',	'Y',getdate(), 'SYSTEM',Getdate(), 'SYSTEM')
INSERT INTO VillageLookUp Values('Mothukulagudem H/O Jammikunta','Mothukulagudem H/O Jammikunta','Jammikunta','Y',getdate(),'SYSTEM',Getdate(), 'SYSTEM')
INSERT INTO VillageLookUp Values('Nagampet',	'Nagampet',	'Jammikunta',	'Y',getdate(), 'SYSTEM',Getdate(), 'SYSTEM')
INSERT INTO VillageLookUp Values('Nagampet H/O Bijigirisharif','Nagampet H/O Bijigirisharif','Jammikunta','Y',getdate(), 'SYSTEM',Getdate(), 'SYSTEM')
INSERT INTO VillageLookUp Values('Naguram H/O Vavilala',	'Naguram H/O Vavilala',	'Jammikunta',	'Y',getdate(), 'SYSTEM',Getdate(), 'SYSTEM')
INSERT INTO VillageLookUp Values('Papaiahpally H/O Bijigirisharif',	'Papaiahpally H/O Bijigirisharif','Jammikunta','Y',getdate(), 'SYSTEM',Getdate(), 'SYSTEM')
INSERT INTO VillageLookUp Values('Papakkapallemadira Vavilala',	'Papakkapallemadira Vavilala','Jammikunta','Y',getdate(), 'SYSTEM',Getdate(), 'SYSTEM')
INSERT INTO VillageLookUp Values('Peddampally',	'Peddampally',	'Jammikunta',	'Y',getdate(), 'SYSTEM',Getdate(), 'SYSTEM')
INSERT INTO VillageLookUp Values('Ramannapally H/O Dharmaram(Pb)','Ramannapally H/O Dharmaram(Pb)','Jammikunta','Y',getdate(), 'SYSTEM',Getdate(), 'SYSTEM')
INSERT INTO VillageLookUp Values('Saidabad',	'Saidabad',	'Jammikunta',	'Y',getdate(), 'SYSTEM',Getdate(), 'SYSTEM')
INSERT INTO VillageLookUp Values('Shambunipalli',	'Shambunipalli',	'Jammikunta',	'Y',getdate(), 'SYSTEM',Getdate(), 'SYSTEM')
INSERT INTO VillageLookUp Values('Shayampet',	'Shayampet',	'Jammikunta',	'Y',getdate(), 'SYSTEM',Getdate(), 'SYSTEM')
INSERT INTO VillageLookUp Values('Shayampet H/O Bijigirisharif',	'Shayampet H/O Bijigirisharif',	'Jammikunta',	'Y',getdate(), 'SYSTEM',Getdate(), 'SYSTEM')
INSERT INTO VillageLookUp Values('Thanugula',	'Thanugula',	'Jammikunta',	'Y',getdate(), 'SYSTEM',Getdate(), 'SYSTEM')
INSERT INTO VillageLookUp Values('Vavilala',	'Vavilala',	'Jammikunta',	'Y',getdate(), 'SYSTEM',Getdate(), 'SYSTEM')
INSERT INTO VillageLookUp Values('Venkateshavarapally H/O Korapally',	'Venkateshavarapally H/O Korapally',	'Jammikunta',	'Y',getdate(), 'SYSTEM',Getdate(), 'SYSTEM')
INSERT INTO VillageLookUp Values('Venkateshwarlapalli',	'Venkateshwarlapalli',	'Jammikunta',	'Y',getdate(), 'SYSTEM',Getdate(), 'SYSTEM')
INSERT INTO VillageLookUp Values('Vilasagar',	'Vilasagar',	'Jammikunta',	'Y',getdate(), 'SYSTEM',Getdate(), 'SYSTEM')

			
			
-------------------------Kamalapur----------------			
INSERT INTO VillageLookUp Values('Bhimpalli',	'Bhimpalli',	'Kamalapur',	'Y',getdate(), 'SYSTEM',Getdate(), 'SYSTEM')
INSERT INTO VillageLookUp Values('Kannur',	'Kannur',	'Kamalapur',	'Y',getdate(), 'SYSTEM',Getdate(), 'SYSTEM')
INSERT INTO VillageLookUp Values('Venkateshwarlapalli(Kothapalli)',	'Venkateshwarlapalli(Kothapalli)',	'Kamalapur',	'Y',getdate(), 'SYSTEM',Getdate(), 'SYSTEM')
INSERT INTO VillageLookUp Values('Gundedu',	'Gundedu',	'Kamalapur',	'Y',getdate(), 'SYSTEM',Getdate(), 'SYSTEM')
INSERT INTO VillageLookUp Values('Marripallygudem',	'Marripallygudem',	'Kamalapur',	'Y',getdate(), 'SYSTEM',Getdate(), 'SYSTEM')
INSERT INTO VillageLookUp Values('Marripalligudem',	'Marripalligudem',	'Kamalapur',	'Y',getdate(), 'SYSTEM',Getdate(), 'SYSTEM')
INSERT INTO VillageLookUp Values('Jujunoor',	'Jujunoor',	'Kamalapur',	'Y',getdate(), 'SYSTEM',Getdate(), 'SYSTEM')
INSERT INTO VillageLookUp Values('Vangapalli',	'Vangapalli',	'Kamalapur',	'Y',getdate(), 'SYSTEM',Getdate(), 'SYSTEM')
INSERT INTO VillageLookUp Values('Pangidipalli H/O Vangapalli',	'Pangidipalli H/O Vangapalli',	'Kamalapur',	'Y',getdate(), 'SYSTEM',Getdate(), 'SYSTEM')
INSERT INTO VillageLookUp Values('Kamalapur',	'Kamalapur',	'Kamalapur',	'Y',getdate(), 'SYSTEM',Getdate(), 'SYSTEM')
INSERT INTO VillageLookUp Values('Shanigaram',	'Shanigaram',	'Kamalapur',	'Y',getdate(), 'SYSTEM',Getdate(), 'SYSTEM')
INSERT INTO VillageLookUp Values('Shanigaram ( New Gp Laxmipur)',	'Shanigaram ( New Gp Laxmipur)',	'Kamalapur',	'Y',getdate(), 'SYSTEM',Getdate(), 'SYSTEM')
INSERT INTO VillageLookUp Values('Gopalpur H/O Shanigaram',	'Gopalpur H/O Shanigaram',	'Kamalapur',	'Y',getdate(), 'SYSTEM',Getdate(), 'SYSTEM')
INSERT INTO VillageLookUp Values('Madannapet',	'Madannapet',	'Kamalapur',	'Y',getdate(), 'SYSTEM',Getdate(), 'SYSTEM')
INSERT INTO VillageLookUp Values('Guniparthi',	'Guniparthi',	'Kamalapur',	'Y',getdate(), 'SYSTEM',Getdate(), 'SYSTEM')
INSERT INTO VillageLookUp Values('Nerella',	'Nerella',	'Kamalapur',	'Y',getdate(), 'SYSTEM',Getdate(), 'SYSTEM')
INSERT INTO VillageLookUp Values('Gudur',	'Gudur',	'Kamalapur',	'Y',getdate(), 'SYSTEM',Getdate(), 'SYSTEM')
INSERT INTO VillageLookUp Values('Ambala',	'Ambala',	'Kamalapur',	'Y',getdate(), 'SYSTEM',Getdate(), 'SYSTEM')
INSERT INTO VillageLookUp Values('Sriramulapalli H/O Ambala',	'Sriramulapalli H/O Ambala',	'Kamalapur',	'Y',getdate(), 'SYSTEM',Getdate(), 'SYSTEM')
INSERT INTO VillageLookUp Values('Uppal',	'Uppal',	'Kamalapur',	'Y',getdate(), 'SYSTEM',Getdate(), 'SYSTEM')
INSERT INTO VillageLookUp Values('Uppalalapalli H/O Uppal',	'Uppalalapalli H/O Uppal',	'Kamalapur',	'Y',getdate(), 'SYSTEM',Getdate(), 'SYSTEM')
INSERT INTO VillageLookUp Values('Desharaj Palli',	'Desharaj Palli',	'Kamalapur',	'Y',getdate(), 'SYSTEM',Getdate(), 'SYSTEM')
INSERT INTO VillageLookUp Values('Kaniparthi',	'Kaniparthi',	'Kamalapur',	'Y',getdate(), 'SYSTEM',Getdate(), 'SYSTEM')
INSERT INTO VillageLookUp Values('Shambunipalli H/O Kaniparthi',	'Shambunipalli H/O Kaniparthi',	'Kamalapur',	'Y',getdate(), 'SYSTEM',Getdate(), 'SYSTEM')
INSERT INTO VillageLookUp Values('Shambhunipally',	'Shambhunipally',	'Kamalapur',	'Y',getdate(), 'SYSTEM',Getdate(), 'SYSTEM')
			
			
			
---------------------------------------AssemblyPolling stations-----------------------

INSERT INTO AssemblyPollingStationLookUp Values('1',	Null,	'Pothireddipeta',	'Huzurabad',	'31',	'9',	'TG',	'Y',getdate(), 'SYSTEM',Getdate(), 'SYSTEM')
INSERT INTO AssemblyPollingStationLookUp Values('2',	Null,	'Pothireddipeta',	'Huzurabad',	'31',	'9',	'TG',	'Y',getdate(), 'SYSTEM',Getdate(), 'SYSTEM')
INSERT INTO AssemblyPollingStationLookUp Values('3',	Null,	'Venkatrao Palli',	'Huzurabad',	'31',	'9',	'TG',	'Y',getdate(), 'SYSTEM',Getdate(), 'SYSTEM')
INSERT INTO AssemblyPollingStationLookUp Values('4',	Null,	'Chelpur',	'Huzurabad',	'31',	'9',	'TG',	'Y',getdate(), 'SYSTEM',Getdate(), 'SYSTEM')
INSERT INTO AssemblyPollingStationLookUp Values('5',	Null,	'Chelpur',	'Huzurabad',	'31',	'9',	'TG',	'Y',getdate(), 'SYSTEM',Getdate(), 'SYSTEM')
INSERT INTO AssemblyPollingStationLookUp Values('6',	Null,	'Chelpur',	'Huzurabad',	'31',	'9',	'TG',	'Y',getdate(), 'SYSTEM',Getdate(), 'SYSTEM')
INSERT INTO AssemblyPollingStationLookUp Values('7',	Null,	'Chelpur',	'Huzurabad',	'31',	'9',	'TG',	'Y',getdate(), 'SYSTEM',Getdate(), 'SYSTEM')
INSERT INTO AssemblyPollingStationLookUp Values('8',	Null,	'Shalapalli H/O Chelpur',	'Huzurabad',	'31',	'9',	'TG',	'Y',getdate(), 'SYSTEM',Getdate(), 'SYSTEM')
INSERT INTO AssemblyPollingStationLookUp Values('9',	Null,	'Indira Nagar',	'Huzurabad',	'31',	'9',	'TG',	'Y',getdate(), 'SYSTEM',Getdate(), 'SYSTEM')
INSERT INTO AssemblyPollingStationLookUp Values('10',	Null,	'Indira Nagar',	'Huzurabad',	'31',	'9',	'TG',	'Y',getdate(), 'SYSTEM',Getdate(), 'SYSTEM')
INSERT INTO AssemblyPollingStationLookUp Values('11',	Null,	'Indira Nagar',	'Huzurabad',	'31',	'9',	'TG',	'Y',getdate(), 'SYSTEM',Getdate(), 'SYSTEM')
INSERT INTO AssemblyPollingStationLookUp Values('12',	Null,	'Rajapalli H/O Chelpur',	'Huzurabad',	'31',	'9',	'TG',	'Y',getdate(), 'SYSTEM',Getdate(), 'SYSTEM')
INSERT INTO AssemblyPollingStationLookUp Values('13',	Null,	'Sirsapalle',	'Huzurabad',	'31',	'9',	'TG',	'Y',getdate(), 'SYSTEM',Getdate(), 'SYSTEM')
INSERT INTO AssemblyPollingStationLookUp Values('14',	Null,	'Sirsapalle',	'Huzurabad',	'31',	'9',	'TG',	'Y',getdate(), 'SYSTEM',Getdate(), 'SYSTEM')
INSERT INTO AssemblyPollingStationLookUp Values('15',	Null,	'Sirsapalle',	'Huzurabad',	'31',	'9',	'TG',	'Y',getdate(), 'SYSTEM',Getdate(), 'SYSTEM')
INSERT INTO AssemblyPollingStationLookUp Values('16',	Null,	'Sirsapalle',	'Huzurabad',	'31',	'9',	'TG',	'Y',getdate(), 'SYSTEM',Getdate(), 'SYSTEM')
INSERT INTO AssemblyPollingStationLookUp Values('17',	Null,	'Singapur',	'Huzurabad',	'31',	'9',	'TG',	'Y',getdate(), 'SYSTEM',Getdate(), 'SYSTEM')
INSERT INTO AssemblyPollingStationLookUp Values('18',	Null,	'Singapur',	'Huzurabad',	'31',	'9',	'TG',	'Y',getdate(), 'SYSTEM',Getdate(), 'SYSTEM')
INSERT INTO AssemblyPollingStationLookUp Values('19',	Null,	'Thummanapalle',	'Huzurabad',	'31',	'9',	'TG',	'Y',getdate(), 'SYSTEM',Getdate(), 'SYSTEM')
INSERT INTO AssemblyPollingStationLookUp Values('20',	Null,	'Thummanapalle',	'Huzurabad',	'31',	'9',	'TG',	'Y',getdate(), 'SYSTEM',Getdate(), 'SYSTEM')
INSERT INTO AssemblyPollingStationLookUp Values('21',	Null,	'Thummanapalle',	'Huzurabad',	'31',	'9',	'TG',	'Y',getdate(), 'SYSTEM',Getdate(), 'SYSTEM')
INSERT INTO AssemblyPollingStationLookUp Values('22',	Null,	'Bornapalli',	'Huzurabad',	'31',	'9',	'TG',	'Y',getdate(), 'SYSTEM',Getdate(), 'SYSTEM')
INSERT INTO AssemblyPollingStationLookUp Values('23',	Null,	'Bornapalli',	'Huzurabad',	'31',	'9',	'TG',	'Y',getdate(), 'SYSTEM',Getdate(), 'SYSTEM')
INSERT INTO AssemblyPollingStationLookUp Values('24',	Null,	'Bornapalli',	'Huzurabad',	'31',	'9',	'TG',	'Y',getdate(), 'SYSTEM',Getdate(), 'SYSTEM')
INSERT INTO AssemblyPollingStationLookUp Values('25',	Null,	'Bornapalli',	'Huzurabad',	'31',	'9',	'TG',	'Y',getdate(), 'SYSTEM',Getdate(), 'SYSTEM')
INSERT INTO AssemblyPollingStationLookUp Values('26',	Null,	'Bornapalli',	'Huzurabad',	'31',	'9',	'TG',	'Y',getdate(), 'SYSTEM',Getdate(), 'SYSTEM')
INSERT INTO AssemblyPollingStationLookUp Values('27',	Null,	'Huzurabad',	'Huzurabad',	'31',	'9',	'TG',	'Y',getdate(), 'SYSTEM',Getdate(), 'SYSTEM')
INSERT INTO AssemblyPollingStationLookUp Values('28',	Null,	'Huzurabad',	'Huzurabad',	'31',	'9',	'TG',	'Y',getdate(), 'SYSTEM',Getdate(), 'SYSTEM')
INSERT INTO AssemblyPollingStationLookUp Values('29',	Null,	'Huzurabad',	'Huzurabad',	'31',	'9',	'TG',	'Y',getdate(), 'SYSTEM',Getdate(), 'SYSTEM')
INSERT INTO AssemblyPollingStationLookUp Values('30',	Null,	'Huzurabad',	'Huzurabad',	'31',	'9',	'TG',	'Y',getdate(), 'SYSTEM',Getdate(), 'SYSTEM')
INSERT INTO AssemblyPollingStationLookUp Values('31',	Null,	'Huzurabad',	'Huzurabad',	'31',	'9',	'TG',	'Y',getdate(), 'SYSTEM',Getdate(), 'SYSTEM')
INSERT INTO AssemblyPollingStationLookUp Values('32',	Null,	'Huzurabad',	'Huzurabad',	'31',	'9',	'TG',	'Y',getdate(), 'SYSTEM',Getdate(), 'SYSTEM')
INSERT INTO AssemblyPollingStationLookUp Values('33',	Null,	'Huzurabad',	'Huzurabad',	'31',	'9',	'TG',	'Y',getdate(), 'SYSTEM',Getdate(), 'SYSTEM')
INSERT INTO AssemblyPollingStationLookUp Values('34',	Null,	'Huzurabad',	'Huzurabad',	'31',	'9',	'TG',	'Y',getdate(), 'SYSTEM',Getdate(), 'SYSTEM')
INSERT INTO AssemblyPollingStationLookUp Values('35',	Null,	'Huzurabad',	'Huzurabad',	'31',	'9',	'TG',	'Y',getdate(), 'SYSTEM',Getdate(), 'SYSTEM')
INSERT INTO AssemblyPollingStationLookUp Values('36',	Null,	'Huzurabad',	'Huzurabad',	'31',	'9',	'TG',	'Y',getdate(), 'SYSTEM',Getdate(), 'SYSTEM')
INSERT INTO AssemblyPollingStationLookUp Values('37',	Null,	'Huzurabad',	'Huzurabad',	'31',	'9',	'TG',	'Y',getdate(), 'SYSTEM',Getdate(), 'SYSTEM')
INSERT INTO AssemblyPollingStationLookUp Values('38',	Null,	'Huzurabad',	'Huzurabad',	'31',	'9',	'TG',	'Y',getdate(), 'SYSTEM',Getdate(), 'SYSTEM')
INSERT INTO AssemblyPollingStationLookUp Values('39',	Null,	'Huzurabad',	'Huzurabad',	'31',	'9',	'TG',	'Y',getdate(), 'SYSTEM',Getdate(), 'SYSTEM')
INSERT INTO AssemblyPollingStationLookUp Values('40',	Null,	'Huzurabad',	'Huzurabad',	'31',	'9',	'TG',	'Y',getdate(), 'SYSTEM',Getdate(), 'SYSTEM')
INSERT INTO AssemblyPollingStationLookUp Values('41',	Null,	'Huzurabad',	'Huzurabad',	'31',	'9',	'TG',	'Y',getdate(), 'SYSTEM',Getdate(), 'SYSTEM')
INSERT INTO AssemblyPollingStationLookUp Values('42',	Null,	'Huzurabad',	'Huzurabad',	'31',	'9',	'TG',	'Y',getdate(), 'SYSTEM',Getdate(), 'SYSTEM')
INSERT INTO AssemblyPollingStationLookUp Values('43',	Null,	'Huzurabad',	'Huzurabad',	'31',	'9',	'TG',	'Y',getdate(), 'SYSTEM',Getdate(), 'SYSTEM')
INSERT INTO AssemblyPollingStationLookUp Values('44',	Null,	'Huzurabad',	'Huzurabad',	'31',	'9',	'TG',	'Y',getdate(), 'SYSTEM',Getdate(), 'SYSTEM')
INSERT INTO AssemblyPollingStationLookUp Values('45',	Null,	'Huzurabad',	'Huzurabad',	'31',	'9',	'TG',	'Y',getdate(), 'SYSTEM',Getdate(), 'SYSTEM')
INSERT INTO AssemblyPollingStationLookUp Values('46',	Null,	'Huzurabad',	'Huzurabad',	'31',	'9',	'TG',	'Y',getdate(), 'SYSTEM',Getdate(), 'SYSTEM')
INSERT INTO AssemblyPollingStationLookUp Values('47',	Null,	'Huzurabad',	'Huzurabad',	'31',	'9',	'TG',	'Y',getdate(), 'SYSTEM',Getdate(), 'SYSTEM')
INSERT INTO AssemblyPollingStationLookUp Values('48',	Null,	'Huzurabad',	'Huzurabad',	'31',	'9',	'TG',	'Y',getdate(), 'SYSTEM',Getdate(), 'SYSTEM')
INSERT INTO AssemblyPollingStationLookUp Values('49',	Null,	'Huzurabad',	'Huzurabad',	'31',	'9',	'TG',	'Y',getdate(), 'SYSTEM',Getdate(), 'SYSTEM')
INSERT INTO AssemblyPollingStationLookUp Values('50',	Null,	'Huzurabad',	'Huzurabad',	'31',	'9',	'TG',	'Y',getdate(), 'SYSTEM',Getdate(), 'SYSTEM')
INSERT INTO AssemblyPollingStationLookUp Values('51',	Null,	'Huzurabad',	'Huzurabad',	'31',	'9',	'TG',	'Y',getdate(), 'SYSTEM',Getdate(), 'SYSTEM')
INSERT INTO AssemblyPollingStationLookUp Values('52',	Null,	'Huzurabad',	'Huzurabad',	'31',	'9',	'TG',	'Y',getdate(), 'SYSTEM',Getdate(), 'SYSTEM')
INSERT INTO AssemblyPollingStationLookUp Values('53',	Null,	'Rangapur',	'Huzurabad',	'31',	'9',	'TG',	'Y',getdate(), 'SYSTEM',Getdate(), 'SYSTEM')
INSERT INTO AssemblyPollingStationLookUp Values('54',	Null,	'Rangapur',	'Huzurabad',	'31',	'9',	'TG',	'Y',getdate(), 'SYSTEM',Getdate(), 'SYSTEM')
INSERT INTO AssemblyPollingStationLookUp Values('55',	Null,	'Rampur',	'Huzurabad',	'31',	'9',	'TG',	'Y',getdate(), 'SYSTEM',Getdate(), 'SYSTEM')
INSERT INTO AssemblyPollingStationLookUp Values('56',	Null,	'Rampur',	'Huzurabad',	'31',	'9',	'TG',	'Y',getdate(), 'SYSTEM',Getdate(), 'SYSTEM')
INSERT INTO AssemblyPollingStationLookUp Values('57',	Null,	'Rampur',	'Huzurabad',	'31',	'9',	'TG',	'Y',getdate(), 'SYSTEM',Getdate(), 'SYSTEM')
INSERT INTO AssemblyPollingStationLookUp Values('58',	Null,	'Peddapapaiahpalli',	'Huzurabad',	'31',	'9',	'TG',	'Y',getdate(), 'SYSTEM',Getdate(), 'SYSTEM')
INSERT INTO AssemblyPollingStationLookUp Values('59',	Null,	'Peddapapaiahpalli',	'Huzurabad',	'31',	'9',	'TG',	'Y',getdate(), 'SYSTEM',Getdate(), 'SYSTEM')
INSERT INTO AssemblyPollingStationLookUp Values('60',	Null,	'Peddapapaiahpalli',	'Huzurabad',	'31',	'9',	'TG',	'Y',getdate(), 'SYSTEM',Getdate(), 'SYSTEM')
INSERT INTO AssemblyPollingStationLookUp Values('61',	Null,	'Ippalanarsingapur',	'Huzurabad',	'31',	'9',	'TG',	'Y',getdate(), 'SYSTEM',Getdate(), 'SYSTEM')
INSERT INTO AssemblyPollingStationLookUp Values('62',	Null,	'Ippalnarsingapur H/O Huzurabad',	'Huzurabad',	'31',	'9',	'TG',	'Y',getdate(), 'SYSTEM',Getdate(), 'SYSTEM')
INSERT INTO AssemblyPollingStationLookUp Values('63',	Null,	'Ippalnarsingapur H/O Huzurabad',	'Huzurabad',	'31',	'9',	'TG',	'Y',getdate(), 'SYSTEM',Getdate(), 'SYSTEM')
INSERT INTO AssemblyPollingStationLookUp Values('64',	Null,	'Dammakkapet',	'Huzurabad',	'31',	'9',	'TG',	'Y',getdate(), 'SYSTEM',Getdate(), 'SYSTEM')
INSERT INTO AssemblyPollingStationLookUp Values('65',	Null,	'Dammakkapet',	'Huzurabad',	'31',	'9',	'TG',	'Y',getdate(), 'SYSTEM',Getdate(), 'SYSTEM')
INSERT INTO AssemblyPollingStationLookUp Values('66',	Null,	'Kanukulagidda',	'Huzurabad',	'31',	'9',	'TG',	'Y',getdate(), 'SYSTEM',Getdate(), 'SYSTEM')
INSERT INTO AssemblyPollingStationLookUp Values('67',	Null,	'Kanukulagidda',	'Huzurabad',	'31',	'9',	'TG',	'Y',getdate(), 'SYSTEM',Getdate(), 'SYSTEM')
INSERT INTO AssemblyPollingStationLookUp Values('68',	Null,	'Jupaka',	'Huzurabad',	'31',	'9',	'TG',	'Y',getdate(), 'SYSTEM',Getdate(), 'SYSTEM')
INSERT INTO AssemblyPollingStationLookUp Values('69',	Null,	'Jupaka',	'Huzurabad',	'31',	'9',	'TG',	'Y',getdate(), 'SYSTEM',Getdate(), 'SYSTEM')
INSERT INTO AssemblyPollingStationLookUp Values('70',	Null,	'Bothalapalli',	'Huzurabad',	'31',	'9',	'TG',	'Y',getdate(), 'SYSTEM',Getdate(), 'SYSTEM')
INSERT INTO AssemblyPollingStationLookUp Values('71',	Null,	'Bothalapalli',	'Huzurabad',	'31',	'9',	'TG',	'Y',getdate(), 'SYSTEM',Getdate(), 'SYSTEM')
INSERT INTO AssemblyPollingStationLookUp Values('72',	Null,	'Dharmaraja Palli',	'Huzurabad',	'31',	'9',	'TG',	'Y',getdate(), 'SYSTEM',Getdate(), 'SYSTEM')
INSERT INTO AssemblyPollingStationLookUp Values('73',	Null,	'Kandugula',	'Huzurabad',	'31',	'9',	'TG',	'Y',getdate(), 'SYSTEM',Getdate(), 'SYSTEM')
INSERT INTO AssemblyPollingStationLookUp Values('74',	Null,	'Kandugula',	'Huzurabad',	'31',	'9',	'TG',	'Y',getdate(), 'SYSTEM',Getdate(), 'SYSTEM')
INSERT INTO AssemblyPollingStationLookUp Values('75',	Null,	'Kandugula',	'Huzurabad',	'31',	'9',	'TG',	'Y',getdate(), 'SYSTEM',Getdate(), 'SYSTEM')
INSERT INTO AssemblyPollingStationLookUp Values('76',	Null,	'Kandugula',	'Huzurabad',	'31',	'9',	'TG',	'Y',getdate(), 'SYSTEM',Getdate(), 'SYSTEM')
INSERT INTO AssemblyPollingStationLookUp Values('77',	Null,	'Chinnapapaiahpalli H/O Kandugula',	'Huzurabad',	'31',	'9',	'TG',	'Y',getdate(), 'SYSTEM',Getdate(), 'SYSTEM')
INSERT INTO AssemblyPollingStationLookUp Values('78',	Null,	'Katrapalli',	'Huzurabad',	'31',	'9',	'TG',	'Y',getdate(), 'SYSTEM',Getdate(), 'SYSTEM')
INSERT INTO AssemblyPollingStationLookUp Values('79',	Null,	'Katrapalli',	'Huzurabad',	'31',	'9',	'TG',	'Y',getdate(), 'SYSTEM',Getdate(), 'SYSTEM')
INSERT INTO AssemblyPollingStationLookUp Values('80',	Null,	'Mamidalapalli',	'Veenavanka',	'31',	'9',	'TG',	'Y',getdate(), 'SYSTEM',Getdate(), 'SYSTEM')
INSERT INTO AssemblyPollingStationLookUp Values('81',	Null,	'Mamidalapalli',	'Veenavanka',	'31',	'9',	'TG',	'Y',getdate(), 'SYSTEM',Getdate(), 'SYSTEM')
INSERT INTO AssemblyPollingStationLookUp Values('82',	Null,	'Mamidalapalli',	'Veenavanka',	'31',	'9',	'TG',	'Y',getdate(), 'SYSTEM',Getdate(), 'SYSTEM')
INSERT INTO AssemblyPollingStationLookUp Values('83',	Null,	'Mamidalaplli',	'Veenavanka',	'31',	'9',	'TG',	'Y',getdate(), 'SYSTEM',Getdate(), 'SYSTEM')
INSERT INTO AssemblyPollingStationLookUp Values('84',	Null,	'Challur',	'Veenavanka',	'31',	'9',	'TG',	'Y',getdate(), 'SYSTEM',Getdate(), 'SYSTEM')
INSERT INTO AssemblyPollingStationLookUp Values('85',	Null,	'Challur',	'Veenavanka',	'31',	'9',	'TG',	'Y',getdate(), 'SYSTEM',Getdate(), 'SYSTEM')
INSERT INTO AssemblyPollingStationLookUp Values('86',	Null,	'Challur',	'Veenavanka',	'31',	'9',	'TG',	'Y',getdate(), 'SYSTEM',Getdate(), 'SYSTEM')
INSERT INTO AssemblyPollingStationLookUp Values('87',	Null,	'Challur',	'Veenavanka',	'31',	'9',	'TG',	'Y',getdate(), 'SYSTEM',Getdate(), 'SYSTEM')
INSERT INTO AssemblyPollingStationLookUp Values('88',	Null,	'Challur',	'Veenavanka',	'31',	'9',	'TG',	'Y',getdate(), 'SYSTEM',Getdate(), 'SYSTEM')
INSERT INTO AssemblyPollingStationLookUp Values('89',	Null,	'Challur',	'Veenavanka',	'31',	'9',	'TG',	'Y',getdate(), 'SYSTEM',Getdate(), 'SYSTEM')
INSERT INTO AssemblyPollingStationLookUp Values('90',	Null,	'Korkal',	'Veenavanka',	'31',	'9',	'TG',	'Y',getdate(), 'SYSTEM',Getdate(), 'SYSTEM')
INSERT INTO AssemblyPollingStationLookUp Values('91',	Null,	'Korkal',	'Veenavanka',	'31',	'9',	'TG',	'Y',getdate(), 'SYSTEM',Getdate(), 'SYSTEM')
INSERT INTO AssemblyPollingStationLookUp Values('92',	Null,	'Korkal',	'Veenavanka',	'31',	'9',	'TG',	'Y',getdate(), 'SYSTEM',Getdate(), 'SYSTEM')
INSERT INTO AssemblyPollingStationLookUp Values('93',	Null,	'Korkal',	'Veenavanka',	'31',	'9',	'TG',	'Y',getdate(), 'SYSTEM',Getdate(), 'SYSTEM')
INSERT INTO AssemblyPollingStationLookUp Values('94',	Null,	'Mallareddy Palli',	'Veenavanka',	'31',	'9',	'TG',	'Y',getdate(), 'SYSTEM',Getdate(), 'SYSTEM')
INSERT INTO AssemblyPollingStationLookUp Values('95',	Null,	'Desaipally H/O Korkal',	'Veenavanka',	'31',	'9',	'TG',	'Y',getdate(), 'SYSTEM',Getdate(), 'SYSTEM')
INSERT INTO AssemblyPollingStationLookUp Values('96',	Null,	'Deshaipally',	'Veenavanka',	'31',	'9',	'TG',	'Y',getdate(), 'SYSTEM',Getdate(), 'SYSTEM')
INSERT INTO AssemblyPollingStationLookUp Values('97',	Null,	'Kondapaka',	'Veenavanka',	'31',	'9',	'TG',	'Y',getdate(), 'SYSTEM',Getdate(), 'SYSTEM')
INSERT INTO AssemblyPollingStationLookUp Values('98',	Null,	'Kondapaka',	'Veenavanka',	'31',	'9',	'TG',	'Y',getdate(), 'SYSTEM',Getdate(), 'SYSTEM')
INSERT INTO AssemblyPollingStationLookUp Values('99',	Null,	'Sriramulapeta',	'Veenavanka',	'31',	'9',	'TG',	'Y',getdate(), 'SYSTEM',Getdate(), 'SYSTEM')
INSERT INTO AssemblyPollingStationLookUp Values('100',	Null,	'Himmathnagar',	'Veenavanka',	'31',	'9',	'TG',	'Y',getdate(), 'SYSTEM',Getdate(), 'SYSTEM')
INSERT INTO AssemblyPollingStationLookUp Values('101',	Null,	'Himmathnagar',	'Veenavanka',	'31',	'9',	'TG',	'Y',getdate(), 'SYSTEM',Getdate(), 'SYSTEM')
INSERT INTO AssemblyPollingStationLookUp Values('102',	Null,	'Pothireddypalli',	'Veenavanka',	'31',	'9',	'TG',	'Y',getdate(), 'SYSTEM',Getdate(), 'SYSTEM')
INSERT INTO AssemblyPollingStationLookUp Values('103',	Null,	'Veenavanka',	'Veenavanka',	'31',	'9',	'TG',	'Y',getdate(), 'SYSTEM',Getdate(), 'SYSTEM')
INSERT INTO AssemblyPollingStationLookUp Values('104',	Null,	'Veenavanka',	'Veenavanka',	'31',	'9',	'TG',	'Y',getdate(), 'SYSTEM',Getdate(), 'SYSTEM')
INSERT INTO AssemblyPollingStationLookUp Values('105',	Null,	'Veenavanka',	'Veenavanka',	'31',	'9',	'TG',	'Y',getdate(), 'SYSTEM',Getdate(), 'SYSTEM')
INSERT INTO AssemblyPollingStationLookUp Values('106',	Null,	'Veenvanka',	'Veenavanka',	'31',	'9',	'TG',	'Y',getdate(), 'SYSTEM',Getdate(), 'SYSTEM')
INSERT INTO AssemblyPollingStationLookUp Values('107',	Null,	'Lasmakkapally H/O Veenavanka',	'Veenavanka',	'31',	'9',	'TG',	'Y',getdate(), 'SYSTEM',Getdate(), 'SYSTEM')
INSERT INTO AssemblyPollingStationLookUp Values('108',	Null,	'Ramakrishnapoor',	'Veenavanka',	'31',	'9',	'TG',	'Y',getdate(), 'SYSTEM',Getdate(), 'SYSTEM')
INSERT INTO AssemblyPollingStationLookUp Values('109',	Null,	'Narsingapur H/O Veenavanka',	'Veenavanka',	'31',	'9',	'TG',	'Y',getdate(), 'SYSTEM',Getdate(), 'SYSTEM')
INSERT INTO AssemblyPollingStationLookUp Values('110',	Null,	'Narsingapur',	'Veenavanka',	'31',	'9',	'TG',	'Y',getdate(), 'SYSTEM',Getdate(), 'SYSTEM')
INSERT INTO AssemblyPollingStationLookUp Values('111',	Null,	'Narsingapur',	'Veenavanka',	'31',	'9',	'TG',	'Y',getdate(), 'SYSTEM',Getdate(), 'SYSTEM')
INSERT INTO AssemblyPollingStationLookUp Values('112',	Null,	'Narsingapur',	'Veenavanka',	'31',	'9',	'TG',	'Y',getdate(), 'SYSTEM',Getdate(), 'SYSTEM')
INSERT INTO AssemblyPollingStationLookUp Values('113',	Null,	'Reddypally',	'Veenavanka',	'31',	'9',	'TG',	'Y',getdate(), 'SYSTEM',Getdate(), 'SYSTEM')
INSERT INTO AssemblyPollingStationLookUp Values('114',	Null,	'Reddypally',	'Veenavanka',	'31',	'9',	'TG',	'Y',getdate(), 'SYSTEM',Getdate(), 'SYSTEM')
INSERT INTO AssemblyPollingStationLookUp Values('115',	Null,	'Brahmanapally',	'Veenavanka',	'31',	'9',	'TG',	'Y',getdate(), 'SYSTEM',Getdate(), 'SYSTEM')
INSERT INTO AssemblyPollingStationLookUp Values('116',	Null,	'Brahmanapally',	'Veenavanka',	'31',	'9',	'TG',	'Y',getdate(), 'SYSTEM',Getdate(), 'SYSTEM')
INSERT INTO AssemblyPollingStationLookUp Values('117',	Null,	'Brahmanapally',	'Veenavanka',	'31',	'9',	'TG',	'Y',getdate(), 'SYSTEM',Getdate(), 'SYSTEM')
INSERT INTO AssemblyPollingStationLookUp Values('118',	Null,	'Ghanmukula',	'Veenavanka',	'31',	'9',	'TG',	'Y',getdate(), 'SYSTEM',Getdate(), 'SYSTEM')
INSERT INTO AssemblyPollingStationLookUp Values('119',	Null,	'Mallannapalli H/O Ganmukula',	'Veenavanka',	'31',	'9',	'TG',	'Y',getdate(), 'SYSTEM',Getdate(), 'SYSTEM')
INSERT INTO AssemblyPollingStationLookUp Values('120',	Null,	'Kistampet H/O Ghanmukula',	'Veenavanka',	'31',	'9',	'TG',	'Y',getdate(), 'SYSTEM',Getdate(), 'SYSTEM')
INSERT INTO AssemblyPollingStationLookUp Values('121',	Null,	'Bonthupalli',	'Veenavanka',	'31',	'9',	'TG',	'Y',getdate(), 'SYSTEM',Getdate(), 'SYSTEM')
INSERT INTO AssemblyPollingStationLookUp Values('122',	Null,	'Bonthupalli',	'Veenavanka',	'31',	'9',	'TG',	'Y',getdate(), 'SYSTEM',Getdate(), 'SYSTEM')
INSERT INTO AssemblyPollingStationLookUp Values('123',	Null,	'Elbaka',	'Veenavanka',	'31',	'9',	'TG',	'Y',getdate(), 'SYSTEM',Getdate(), 'SYSTEM')
INSERT INTO AssemblyPollingStationLookUp Values('124',	Null,	'Elbaka',	'Veenavanka',	'31',	'9',	'TG',	'Y',getdate(), 'SYSTEM',Getdate(), 'SYSTEM')
INSERT INTO AssemblyPollingStationLookUp Values('125',	Null,	'Gangaram H/O Elbaka',	'Veenavanka',	'31',	'9',	'TG',	'Y',getdate(), 'SYSTEM',Getdate(), 'SYSTEM')
INSERT INTO AssemblyPollingStationLookUp Values('126',	Null,	'Gangaram H/O Elbaka',	'Veenavanka',	'31',	'9',	'TG',	'Y',getdate(), 'SYSTEM',Getdate(), 'SYSTEM')
INSERT INTO AssemblyPollingStationLookUp Values('127',	Null,	'Gangaram H/O Elbaka',	'Veenavanka',	'31',	'9',	'TG',	'Y',getdate(), 'SYSTEM',Getdate(), 'SYSTEM')
INSERT INTO AssemblyPollingStationLookUp Values('128',	Null,	'Kanaparthi',	'Veenavanka',	'31',	'9',	'TG',	'Y',getdate(), 'SYSTEM',Getdate(), 'SYSTEM')
INSERT INTO AssemblyPollingStationLookUp Values('129',	Null,	'Bethigal',	'Veenavanka',	'31',	'9',	'TG',	'Y',getdate(), 'SYSTEM',Getdate(), 'SYSTEM')
INSERT INTO AssemblyPollingStationLookUp Values('130',	Null,	'Bethigal',	'Veenavanka',	'31',	'9',	'TG',	'Y',getdate(), 'SYSTEM',Getdate(), 'SYSTEM')
INSERT INTO AssemblyPollingStationLookUp Values('131',	Null,	'Bethigal',	'Veenavanka',	'31',	'9',	'TG',	'Y',getdate(), 'SYSTEM',Getdate(), 'SYSTEM')
INSERT INTO AssemblyPollingStationLookUp Values('132',	Null,	'Valbapur (Pb)',	'Veenavanka',	'31',	'9',	'TG',	'Y',getdate(), 'SYSTEM',Getdate(), 'SYSTEM')
INSERT INTO AssemblyPollingStationLookUp Values('133',	Null,	'Valbapur (Pb)',	'Veenavanka',	'31',	'9',	'TG',	'Y',getdate(), 'SYSTEM',Getdate(), 'SYSTEM')
INSERT INTO AssemblyPollingStationLookUp Values('134',	Null,	'Valbhapur',	'Veenavanka',	'31',	'9',	'TG',	'Y',getdate(), 'SYSTEM',Getdate(), 'SYSTEM')
INSERT INTO AssemblyPollingStationLookUp Values('135',	Null,	'Vilasagar',	'Jammikunta',	'31',	'9',	'TG',	'Y',getdate(), 'SYSTEM',Getdate(), 'SYSTEM')
INSERT INTO AssemblyPollingStationLookUp Values('136',	Null,	'Vilasagar',	'Jammikunta',	'31',	'9',	'TG',	'Y',getdate(), 'SYSTEM',Getdate(), 'SYSTEM')
INSERT INTO AssemblyPollingStationLookUp Values('137',	Null,	'Thanugula',	'Jammikunta',	'31',	'9',	'TG',	'Y',getdate(), 'SYSTEM',Getdate(), 'SYSTEM')
INSERT INTO AssemblyPollingStationLookUp Values('138',	Null,	'Thanugula',	'Jammikunta',	'31',	'9',	'TG',	'Y',getdate(), 'SYSTEM',Getdate(), 'SYSTEM')
INSERT INTO AssemblyPollingStationLookUp Values('139',	Null,	'Shambunipalli',	'Jammikunta',	'31',	'9',	'TG',	'Y',getdate(), 'SYSTEM',Getdate(), 'SYSTEM')
INSERT INTO AssemblyPollingStationLookUp Values('140',	Null,	'Gandrapally H/O Thanugula',	'Jammikunta',	'31',	'9',	'TG',	'Y',getdate(), 'SYSTEM',Getdate(), 'SYSTEM')
INSERT INTO AssemblyPollingStationLookUp Values('141',	Null,	'Gandrapalli',	'Jammikunta',	'31',	'9',	'TG',	'Y',getdate(), 'SYSTEM',Getdate(), 'SYSTEM')
INSERT INTO AssemblyPollingStationLookUp Values('142',	Null,	'Papakkapallemadira Vavilala',	'Jammikunta',	'31',	'9',	'TG',	'Y',getdate(), 'SYSTEM',Getdate(), 'SYSTEM')
INSERT INTO AssemblyPollingStationLookUp Values('143',	Null,	'Vavilala',	'Jammikunta',	'31',	'9',	'TG',	'Y',getdate(), 'SYSTEM',Getdate(), 'SYSTEM')
INSERT INTO AssemblyPollingStationLookUp Values('144',	Null,	'Vavilala',	'Jammikunta',	'31',	'9',	'TG',	'Y',getdate(), 'SYSTEM',Getdate(), 'SYSTEM')
INSERT INTO AssemblyPollingStationLookUp Values('145',	Null,	'Vavilala',	'Jammikunta',	'31',	'9',	'TG',	'Y',getdate(), 'SYSTEM',Getdate(), 'SYSTEM')
INSERT INTO AssemblyPollingStationLookUp Values('146',	Null,	'Naguram H/O Vavilala',	'Jammikunta',	'31',	'9',	'TG',	'Y',getdate(), 'SYSTEM',Getdate(), 'SYSTEM')
INSERT INTO AssemblyPollingStationLookUp Values('147',	Null,	'Nagaram H/O Vavilala',	'Jammikunta',	'31',	'9',	'TG',	'Y',getdate(), 'SYSTEM',Getdate(), 'SYSTEM')
INSERT INTO AssemblyPollingStationLookUp Values('148',	Null,	'Bijigirisharif',	'Jammikunta',	'31',	'9',	'TG',	'Y',getdate(), 'SYSTEM',Getdate(), 'SYSTEM')
INSERT INTO AssemblyPollingStationLookUp Values('149',	Null,	'Bijigirisharif',	'Jammikunta',	'31',	'9',	'TG',	'Y',getdate(), 'SYSTEM',Getdate(), 'SYSTEM')
INSERT INTO AssemblyPollingStationLookUp Values('150',	Null,	'Nagampet H/O Bijigirisharif',	'Jammikunta',	'31',	'9',	'TG',	'Y',getdate(), 'SYSTEM',Getdate(), 'SYSTEM')
INSERT INTO AssemblyPollingStationLookUp Values('151',	Null,	'Nagampet',	'Jammikunta',	'31',	'9',	'TG',	'Y',getdate(), 'SYSTEM',Getdate(), 'SYSTEM')
INSERT INTO AssemblyPollingStationLookUp Values('152',	Null,	'Papaiahpally H/O Bijigirisharif',	'Jammikunta',	'31',	'9',	'TG',	'Y',getdate(), 'SYSTEM',Getdate(), 'SYSTEM')
INSERT INTO AssemblyPollingStationLookUp Values('153',	Null,	'Shayampet H/O Bijigirisharif',	'Jammikunta',	'31',	'9',	'TG',	'Y',getdate(), 'SYSTEM',Getdate(), 'SYSTEM')
INSERT INTO AssemblyPollingStationLookUp Values('154',	Null,	'Shayampet',	'Jammikunta',	'31',	'9',	'TG',	'Y',getdate(), 'SYSTEM',Getdate(), 'SYSTEM')
INSERT INTO AssemblyPollingStationLookUp Values('155',	Null,	'Saidabad',	'Jammikunta',	'31',	'9',	'TG',	'Y',getdate(), 'SYSTEM',Getdate(), 'SYSTEM')
INSERT INTO AssemblyPollingStationLookUp Values('156',	Null,	'Saidabad',	'Jammikunta',	'31',	'9',	'TG',	'Y',getdate(), 'SYSTEM',Getdate(), 'SYSTEM')
INSERT INTO AssemblyPollingStationLookUp Values('157',	Null,	'Korapalli',	'Jammikunta',	'31',	'9',	'TG',	'Y',getdate(), 'SYSTEM',Getdate(), 'SYSTEM')
INSERT INTO AssemblyPollingStationLookUp Values('158',	Null,	'Korapalli',	'Jammikunta',	'31',	'9',	'TG',	'Y',getdate(), 'SYSTEM',Getdate(), 'SYSTEM')
INSERT INTO AssemblyPollingStationLookUp Values('159',	Null,	'Korapalli',	'Jammikunta',	'31',	'9',	'TG',	'Y',getdate(), 'SYSTEM',Getdate(), 'SYSTEM')
INSERT INTO AssemblyPollingStationLookUp Values('160',	Null,	'Korapalli',	'Jammikunta',	'31',	'9',	'TG',	'Y',getdate(), 'SYSTEM',Getdate(), 'SYSTEM')
INSERT INTO AssemblyPollingStationLookUp Values('161',	Null,	'Venkateshavarapally H/O Korapally',	'Jammikunta',	'31',	'9',	'TG',	'Y',getdate(), 'SYSTEM',Getdate(), 'SYSTEM')
INSERT INTO AssemblyPollingStationLookUp Values('162',	Null,	'Venkateshwarlapalli',	'Jammikunta',	'31',	'9',	'TG',	'Y',getdate(), 'SYSTEM',Getdate(), 'SYSTEM')
INSERT INTO AssemblyPollingStationLookUp Values('163',	Null,	'Jammikunta',	'Jammikunta',	'31',	'9',	'TG',	'Y',getdate(), 'SYSTEM',Getdate(), 'SYSTEM')
INSERT INTO AssemblyPollingStationLookUp Values('164',	Null,	'Jammikunta',	'Jammikunta',	'31',	'9',	'TG',	'Y',getdate(), 'SYSTEM',Getdate(), 'SYSTEM')
INSERT INTO AssemblyPollingStationLookUp Values('165',	Null,	'Jammikunta',	'Jammikunta',	'31',	'9',	'TG',	'Y',getdate(), 'SYSTEM',Getdate(), 'SYSTEM')
INSERT INTO AssemblyPollingStationLookUp Values('166',	Null,	'Jammikunta',	'Jammikunta',	'31',	'9',	'TG',	'Y',getdate(), 'SYSTEM',Getdate(), 'SYSTEM')
INSERT INTO AssemblyPollingStationLookUp Values('167',	Null,	'Jammikunta',	'Jammikunta',	'31',	'9',	'TG',	'Y',getdate(), 'SYSTEM',Getdate(), 'SYSTEM')
INSERT INTO AssemblyPollingStationLookUp Values('168',	Null,	'Jammikunta',	'Jammikunta',	'31',	'9',	'TG',	'Y',getdate(), 'SYSTEM',Getdate(), 'SYSTEM')
INSERT INTO AssemblyPollingStationLookUp Values('169',	Null,	'Jammikunta',	'Jammikunta',	'31',	'9',	'TG',	'Y',getdate(), 'SYSTEM',Getdate(), 'SYSTEM')
INSERT INTO AssemblyPollingStationLookUp Values('170',	Null,	'Jammikunta',	'Jammikunta',	'31',	'9',	'TG',	'Y',getdate(), 'SYSTEM',Getdate(), 'SYSTEM')
INSERT INTO AssemblyPollingStationLookUp Values('171',	Null,	'Jammikunta',	'Jammikunta',	'31',	'9',	'TG',	'Y',getdate(), 'SYSTEM',Getdate(), 'SYSTEM')
INSERT INTO AssemblyPollingStationLookUp Values('172',	Null,	'Jammikunta',	'Jammikunta',	'31',	'9',	'TG',	'Y',getdate(), 'SYSTEM',Getdate(), 'SYSTEM')
INSERT INTO AssemblyPollingStationLookUp Values('173',	Null,	'Jammikunta',	'Jammikunta',	'31',	'9',	'TG',	'Y',getdate(), 'SYSTEM',Getdate(), 'SYSTEM')
INSERT INTO AssemblyPollingStationLookUp Values('174',	Null,	'Jammikunta',	'Jammikunta',	'31',	'9',	'TG',	'Y',getdate(), 'SYSTEM',Getdate(), 'SYSTEM')
INSERT INTO AssemblyPollingStationLookUp Values('175',	Null,	'Jammikunta',	'Jammikunta',	'31',	'9',	'TG',	'Y',getdate(), 'SYSTEM',Getdate(), 'SYSTEM')
INSERT INTO AssemblyPollingStationLookUp Values('176',	Null,	'Jammikunta',	'Jammikunta',	'31',	'9',	'TG',	'Y',getdate(), 'SYSTEM',Getdate(), 'SYSTEM')
INSERT INTO AssemblyPollingStationLookUp Values('177',	Null,	'Jammikunta',	'Jammikunta',	'31',	'9',	'TG',	'Y',getdate(), 'SYSTEM',Getdate(), 'SYSTEM')
INSERT INTO AssemblyPollingStationLookUp Values('178',	Null,	'Jammikunta',	'Jammikunta',	'31',	'9',	'TG',	'Y',getdate(), 'SYSTEM',Getdate(), 'SYSTEM')
INSERT INTO AssemblyPollingStationLookUp Values('179',	Null,	'Jammikunta',	'Jammikunta',	'31',	'9',	'TG',	'Y',getdate(), 'SYSTEM',Getdate(), 'SYSTEM')
INSERT INTO AssemblyPollingStationLookUp Values('180',	Null,	'Jammikunta',	'Jammikunta',	'31',	'9',	'TG',	'Y',getdate(), 'SYSTEM',Getdate(), 'SYSTEM')
INSERT INTO AssemblyPollingStationLookUp Values('181',	Null,	'Jammikunta',	'Jammikunta',	'31',	'9',	'TG',	'Y',getdate(), 'SYSTEM',Getdate(), 'SYSTEM')
INSERT INTO AssemblyPollingStationLookUp Values('182',	Null,	'Jammikunta',	'Jammikunta',	'31',	'9',	'TG',	'Y',getdate(), 'SYSTEM',Getdate(), 'SYSTEM')
INSERT INTO AssemblyPollingStationLookUp Values('183',	Null,	'Jammikunta',	'Jammikunta',	'31',	'9',	'TG',	'Y',getdate(), 'SYSTEM',Getdate(), 'SYSTEM')
INSERT INTO AssemblyPollingStationLookUp Values('184',	Null,	'Jammikunta',	'Jammikunta',	'31',	'9',	'TG',	'Y',getdate(), 'SYSTEM',Getdate(), 'SYSTEM')
INSERT INTO AssemblyPollingStationLookUp Values('185',	Null,	'Jammikunta (Abadi)',	'Jammikunta',	'31',	'9',	'TG',	'Y',getdate(), 'SYSTEM',Getdate(), 'SYSTEM')
INSERT INTO AssemblyPollingStationLookUp Values('186',	Null,	'Jammikunta (Abadi)',	'Jammikunta',	'31',	'9',	'TG',	'Y',getdate(), 'SYSTEM',Getdate(), 'SYSTEM')
INSERT INTO AssemblyPollingStationLookUp Values('187',	Null,	'Mothukulagudem H/O Jammikunta',	'Jammikunta',	'31',	'9',	'TG',	'Y',getdate(), 'SYSTEM',Getdate(), 'SYSTEM')
INSERT INTO AssemblyPollingStationLookUp Values('188',	Null,	'Mothukulagudem',	'Jammikunta',	'31',	'9',	'TG',	'Y',getdate(), 'SYSTEM',Getdate(), 'SYSTEM')
INSERT INTO AssemblyPollingStationLookUp Values('189',	Null,	'Mothukula Gudem H/O Jummikunta','Jammikunta',	'31',	'9',	'TG',	'Y',getdate(), 'SYSTEM',Getdate(), 'SYSTEM')
INSERT INTO AssemblyPollingStationLookUp Values('190',	Null,	'Mothukula Gudem H/O Jummikunta','Jammikunta',	'31',	'9',	'TG',	'Y',getdate(), 'SYSTEM',Getdate(), 'SYSTEM')
INSERT INTO AssemblyPollingStationLookUp Values('191',	Null,	'Machanapally H/O Jammikunta',	'Jammikunta',	'31',	'9',	'TG',	'Y',getdate(), 'SYSTEM',Getdate(), 'SYSTEM')
INSERT INTO AssemblyPollingStationLookUp Values('192',	Null,	'Machanapalli',	'Jammikunta',	'31',	'9',	'TG',	'Y',getdate(), 'SYSTEM',Getdate(), 'SYSTEM')
INSERT INTO AssemblyPollingStationLookUp Values('193',	Null,	'Machanapalli',	'Jammikunta',	'31',	'9',	'TG',	'Y',getdate(), 'SYSTEM',Getdate(), 'SYSTEM')
INSERT INTO AssemblyPollingStationLookUp Values('194',	Null,	'Jaggaiahpally H/O Jammikunta',	'Jammikunta',	'31',	'9',	'TG',	'Y',getdate(), 'SYSTEM',Getdate(), 'SYSTEM')
INSERT INTO AssemblyPollingStationLookUp Values('195',	Null,	'Peddampally',	'Jammikunta',	'31',	'9',	'TG',	'Y',getdate(), 'SYSTEM',Getdate(), 'SYSTEM')
INSERT INTO AssemblyPollingStationLookUp Values('196',	Null,	'Dharmaram',	'Jammikunta',	'31',	'9',	'TG',	'Y',getdate(), 'SYSTEM',Getdate(), 'SYSTEM')
INSERT INTO AssemblyPollingStationLookUp Values('197',	Null,	'Dharmaram',	'Jammikunta',	'31',	'9',	'TG',	'Y',getdate(), 'SYSTEM',Getdate(), 'SYSTEM')
INSERT INTO AssemblyPollingStationLookUp Values('198',	Null,	'Dharmaram',	'Jammikunta',	'31',	'9',	'TG',	'Y',getdate(), 'SYSTEM',Getdate(), 'SYSTEM')
INSERT INTO AssemblyPollingStationLookUp Values('199',	Null,	'Ramannapally H/O Dharmaram(Pb)',	'Jammikunta',	'31',	'9',	'TG',	'Y',getdate(), 'SYSTEM',Getdate(), 'SYSTEM')
INSERT INTO AssemblyPollingStationLookUp Values('200',	Null,	'Kothapalli H/O Dharmaram(PB)',	'Jammikunta',	'31',	'9',	'TG',	'Y',getdate(), 'SYSTEM',Getdate(), 'SYSTEM')
INSERT INTO AssemblyPollingStationLookUp Values('201',	Null,	'Kothapalli H/O Dharmaram(PB)',	'Jammikunta',	'31',	'9',	'TG',	'Y',getdate(), 'SYSTEM',Getdate(), 'SYSTEM')
INSERT INTO AssemblyPollingStationLookUp Values('202',	Null,	'Kothapalli H/O Dharmaram(PB)',	'Jammikunta',	'31',	'9',	'TG',	'Y',getdate(), 'SYSTEM',Getdate(), 'SYSTEM')
INSERT INTO AssemblyPollingStationLookUp Values('203',	Null,	'Kothapalli',	'Jammikunta',	'31',	'9',	'TG',	'Y',getdate(), 'SYSTEM',Getdate(), 'SYSTEM')
INSERT INTO AssemblyPollingStationLookUp Values('204',	Null,	'Kothapalli',	'Jammikunta',	'31',	'9',	'TG',	'Y',getdate(), 'SYSTEM',Getdate(), 'SYSTEM')
INSERT INTO AssemblyPollingStationLookUp Values('205',	Null,	'Kothapalli',	'Jammikunta',	'31',	'9',	'TG',	'Y',getdate(), 'SYSTEM',Getdate(), 'SYSTEM')
INSERT INTO AssemblyPollingStationLookUp Values('206',	Null,	'Kothapalli H/O',	'Jammikunta',	'31',	'9',	'TG',	'Y',getdate(), 'SYSTEM',Getdate(), 'SYSTEM')
INSERT INTO AssemblyPollingStationLookUp Values('207',	Null,	'Madipalli',	'Jammikunta',	'31',	'9',	'TG',	'Y',getdate(), 'SYSTEM',Getdate(), 'SYSTEM')
INSERT INTO AssemblyPollingStationLookUp Values('208',	Null,	'Madipalli',	'Jammikunta',	'31',	'9',	'TG',	'Y',getdate(), 'SYSTEM',Getdate(), 'SYSTEM')
INSERT INTO AssemblyPollingStationLookUp Values('209',	Null,	'Madipalli',	'Jammikunta',	'31',	'9',	'TG',	'Y',getdate(), 'SYSTEM',Getdate(), 'SYSTEM')
INSERT INTO AssemblyPollingStationLookUp Values('210',	Null,	'Madipalli',	'Jammikunta',	'31',	'9',	'TG',	'Y',getdate(), 'SYSTEM',Getdate(), 'SYSTEM')
INSERT INTO AssemblyPollingStationLookUp Values('211',	Null,	'Ankusapur',	'Jammikunta',	'31',	'9',	'TG',	'Y',getdate(), 'SYSTEM',Getdate(), 'SYSTEM')
INSERT INTO AssemblyPollingStationLookUp Values('212',	Null,	'Vanthadupula',	'Ellandakunta',	'31',	'9',	'TG',	'Y',getdate(), 'SYSTEM',Getdate(), 'SYSTEM')
INSERT INTO AssemblyPollingStationLookUp Values('213',	Null,	'Vanthadupula',	'Ellandakunta',	'31',	'9',	'TG',	'Y',getdate(), 'SYSTEM',Getdate(), 'SYSTEM')
INSERT INTO AssemblyPollingStationLookUp Values('214',	Null,	'Vanthadupula',	'Ellandakunta',	'31',	'9',	'TG',	'Y',getdate(), 'SYSTEM',Getdate(), 'SYSTEM')
INSERT INTO AssemblyPollingStationLookUp Values('215',	Null,	'Rachapalli',	'Ellandakunta',	'31',	'9',	'TG',	'Y',getdate(), 'SYSTEM',Getdate(), 'SYSTEM')
INSERT INTO AssemblyPollingStationLookUp Values('216',	Null,	'Bujunoor',	'Ellandakunta',	'31',	'9',	'TG',	'Y',getdate(), 'SYSTEM',Getdate(), 'SYSTEM')
INSERT INTO AssemblyPollingStationLookUp Values('217',	Null,	'Bujunoor',	'Ellandakunta',	'31',	'9',	'TG',	'Y',getdate(), 'SYSTEM',Getdate(), 'SYSTEM')
INSERT INTO AssemblyPollingStationLookUp Values('218',	Null,	'Seethampet',	'Ellandakunta',	'31',	'9',	'TG',	'Y',getdate(), 'SYSTEM',Getdate(), 'SYSTEM')
INSERT INTO AssemblyPollingStationLookUp Values('219',	Null,	'Seethampet H/O Bujunoor',	'Ellandakunta',	'31',	'9',	'TG',	'Y',getdate(), 'SYSTEM',Getdate(), 'SYSTEM')
INSERT INTO AssemblyPollingStationLookUp Values('220',	Null,	'Tekurthy',	'Ellandakunta',	'31',	'9',	'TG',	'Y',getdate(), 'SYSTEM',Getdate(), 'SYSTEM')
INSERT INTO AssemblyPollingStationLookUp Values('221',	Null,	'Tekurthy',	'Ellandakunta',	'31',	'9',	'TG',	'Y',getdate(), 'SYSTEM',Getdate(), 'SYSTEM')
INSERT INTO AssemblyPollingStationLookUp Values('222',	Null,	'Chinna Komatipally',	'Ellandakunta',	'31',	'9',	'TG',	'Y',getdate(), 'SYSTEM',Getdate(), 'SYSTEM')
INSERT INTO AssemblyPollingStationLookUp Values('223',	Null,	'Ellanthakunta',	'Ellandakunta',	'31',	'9',	'TG',	'Y',getdate(), 'SYSTEM',Getdate(), 'SYSTEM')
INSERT INTO AssemblyPollingStationLookUp Values('224',	Null,	'Ellanthakunta',	'Ellandakunta',	'31',	'9',	'TG',	'Y',getdate(), 'SYSTEM',Getdate(), 'SYSTEM')
INSERT INTO AssemblyPollingStationLookUp Values('225',	Null,	'Ellanthakunta',	'Ellandakunta',	'31',	'9',	'TG',	'Y',getdate(), 'SYSTEM',Getdate(), 'SYSTEM')
INSERT INTO AssemblyPollingStationLookUp Values('226',	Null,	'Ellanthakunta',	'Ellandakunta',	'31',	'9',	'TG',	'Y',getdate(), 'SYSTEM',Getdate(), 'SYSTEM')
INSERT INTO AssemblyPollingStationLookUp Values('227',	Null,	'Sriramulapalli',	'Ellandakunta',	'31',	'9',	'TG',	'Y',getdate(), 'SYSTEM',Getdate(), 'SYSTEM')
INSERT INTO AssemblyPollingStationLookUp Values('228',	Null,	'Sirisedu',	'Ellandakunta',	'31',	'9',	'TG',	'Y',getdate(), 'SYSTEM',Getdate(), 'SYSTEM')
INSERT INTO AssemblyPollingStationLookUp Values('229',	Null,	'Sirisedu',	'Ellandakunta',	'31',	'9',	'TG',	'Y',getdate(), 'SYSTEM',Getdate(), 'SYSTEM')
INSERT INTO AssemblyPollingStationLookUp Values('230',	Null,	'Marrivanipally',	'Ellandakunta',	'31',	'9',	'TG',	'Y',getdate(), 'SYSTEM',Getdate(), 'SYSTEM')
INSERT INTO AssemblyPollingStationLookUp Values('231',	Null,	'Bogampad',	'Ellandakunta',	'31',	'9',	'TG',	'Y',getdate(), 'SYSTEM',Getdate(), 'SYSTEM')
INSERT INTO AssemblyPollingStationLookUp Values('232',	Null,	'Patharlapalli',	'Ellandakunta',	'31',	'9',	'TG',	'Y',getdate(), 'SYSTEM',Getdate(), 'SYSTEM')
INSERT INTO AssemblyPollingStationLookUp Values('233',	Null,	'Patharlapalli',	'Ellandakunta',	'31',	'9',	'TG',	'Y',getdate(), 'SYSTEM',Getdate(), 'SYSTEM')
INSERT INTO AssemblyPollingStationLookUp Values('234',	Null,	'Mallial',	'Ellandakunta',	'31',	'9',	'TG',	'Y',getdate(), 'SYSTEM',Getdate(), 'SYSTEM')
INSERT INTO AssemblyPollingStationLookUp Values('235',	Null,	'Mallial',	'Ellandakunta',	'31',	'9',	'TG',	'Y',getdate(), 'SYSTEM',Getdate(), 'SYSTEM')
INSERT INTO AssemblyPollingStationLookUp Values('236',	Null,	'Mallial',	'Ellandakunta',	'31',	'9',	'TG',	'Y',getdate(), 'SYSTEM',Getdate(), 'SYSTEM')
INSERT INTO AssemblyPollingStationLookUp Values('237',	Null,	'Mallial',	'Ellandakunta',	'31',	'9',	'TG',	'Y',getdate(), 'SYSTEM',Getdate(), 'SYSTEM')
INSERT INTO AssemblyPollingStationLookUp Values('238',	Null,	'Malyal',	'Ellandakunta',	'31',	'9',	'TG',	'Y',getdate(), 'SYSTEM',Getdate(), 'SYSTEM')
INSERT INTO AssemblyPollingStationLookUp Values('239',	Null,	'Kanagarthi',	'Ellandakunta',	'31',	'9',	'TG',	'Y',getdate(), 'SYSTEM',Getdate(), 'SYSTEM')
INSERT INTO AssemblyPollingStationLookUp Values('240',	Null,	'Kanagarthi',	'Ellandakunta',	'31',	'9',	'TG',	'Y',getdate(), 'SYSTEM',Getdate(), 'SYSTEM')
INSERT INTO AssemblyPollingStationLookUp Values('241',	Null,	'Bhimpalli',	'Kamalapur',	'31',	'9',	'TG',	'Y',getdate(), 'SYSTEM',Getdate(), 'SYSTEM')
INSERT INTO AssemblyPollingStationLookUp Values('242',	Null,	'Bhimpalli',	'Kamalapur',	'31',	'9',	'TG',	'Y',getdate(), 'SYSTEM',Getdate(), 'SYSTEM')
INSERT INTO AssemblyPollingStationLookUp Values('243',	Null,	'Bhimpalli',	'Kamalapur',	'31',	'9',	'TG',	'Y',getdate(), 'SYSTEM',Getdate(), 'SYSTEM')
INSERT INTO AssemblyPollingStationLookUp Values('244',	Null,	'Kannur',	'Kamalapur',	'31',	'9',	'TG',	'Y',getdate(), 'SYSTEM',Getdate(), 'SYSTEM')
INSERT INTO AssemblyPollingStationLookUp Values('245',	Null,	'Kannur',	'Kamalapur',	'31',	'9',	'TG',	'Y',getdate(), 'SYSTEM',Getdate(), 'SYSTEM')
INSERT INTO AssemblyPollingStationLookUp Values('246',	Null,	'Kannur',	'Kamalapur',	'31',	'9',	'TG',	'Y',getdate(), 'SYSTEM',Getdate(), 'SYSTEM')
INSERT INTO AssemblyPollingStationLookUp Values('247',	Null,	'Venkateshwarlapalli(Kothapalli)',	'Kamalapur',	'31',	'9',	'TG',	'Y',getdate(), 'SYSTEM',Getdate(), 'SYSTEM')
INSERT INTO AssemblyPollingStationLookUp Values('248',	Null,	'Gundedu',	'Kamalapur',	'31',	'9',	'TG',	'Y',getdate(), 'SYSTEM',Getdate(), 'SYSTEM')
INSERT INTO AssemblyPollingStationLookUp Values('249',	Null,	'Gundedu',	'Kamalapur',	'31',	'9',	'TG',	'Y',getdate(), 'SYSTEM',Getdate(), 'SYSTEM')
INSERT INTO AssemblyPollingStationLookUp Values('250',	Null,	'Marripallygudem',	'Kamalapur',	'31',	'9',	'TG',	'Y',getdate(), 'SYSTEM',Getdate(), 'SYSTEM')
INSERT INTO AssemblyPollingStationLookUp Values('251',	Null,	'Marripallygudem',	'Kamalapur',	'31',	'9',	'TG',	'Y',getdate(), 'SYSTEM',Getdate(), 'SYSTEM')
INSERT INTO AssemblyPollingStationLookUp Values('252',	Null,	'Marripalligudem',	'Kamalapur',	'31',	'9',	'TG',	'Y',getdate(), 'SYSTEM',Getdate(), 'SYSTEM')
INSERT INTO AssemblyPollingStationLookUp Values('253',	Null,	'Marripalligudem',	'Kamalapur',	'31',	'9',	'TG',	'Y',getdate(), 'SYSTEM',Getdate(), 'SYSTEM')
INSERT INTO AssemblyPollingStationLookUp Values('254',	Null,	'Marripalligudem',	'Kamalapur',	'31',	'9',	'TG',	'Y',getdate(), 'SYSTEM',Getdate(), 'SYSTEM')
INSERT INTO AssemblyPollingStationLookUp Values('255',	Null,	'Jujunoor',	'Kamalapur',	'31',	'9',	'TG',	'Y',getdate(), 'SYSTEM',Getdate(), 'SYSTEM')
INSERT INTO AssemblyPollingStationLookUp Values('256',	Null,	'Vangapalli',	'Kamalapur',	'31',	'9',	'TG',	'Y',getdate(), 'SYSTEM',Getdate(), 'SYSTEM')
INSERT INTO AssemblyPollingStationLookUp Values('257',	Null,	'Vangapalli',	'Kamalapur',	'31',	'9',	'TG',	'Y',getdate(), 'SYSTEM',Getdate(), 'SYSTEM')
INSERT INTO AssemblyPollingStationLookUp Values('258',	Null,	'Vangapalli',	'Kamalapur',	'31',	'9',	'TG',	'Y',getdate(), 'SYSTEM',Getdate(), 'SYSTEM')
INSERT INTO AssemblyPollingStationLookUp Values('259',	Null,	'Pangidipalli H/O Vangapalli',	'Kamalapur',	'31',	'9',	'TG',	'Y',getdate(), 'SYSTEM',Getdate(), 'SYSTEM')
INSERT INTO AssemblyPollingStationLookUp Values('260',	Null,	'Pangidipalli H/O Vangapalli',	'Kamalapur',	'31',	'9',	'TG',	'Y',getdate(), 'SYSTEM',Getdate(), 'SYSTEM')
INSERT INTO AssemblyPollingStationLookUp Values('261',	Null,	'Kamalapur',	'Kamalapur',	'31',	'9',	'TG',	'Y',getdate(), 'SYSTEM',Getdate(), 'SYSTEM')
INSERT INTO AssemblyPollingStationLookUp Values('262',	Null,	'Kamalapur',	'Kamalapur',	'31',	'9',	'TG',	'Y',getdate(), 'SYSTEM',Getdate(), 'SYSTEM')
INSERT INTO AssemblyPollingStationLookUp Values('263',	Null,	'Kamalapur',	'Kamalapur',	'31',	'9',	'TG',	'Y',getdate(), 'SYSTEM',Getdate(), 'SYSTEM')
INSERT INTO AssemblyPollingStationLookUp Values('264',	Null,	'Kamalapur',	'Kamalapur',	'31',	'9',	'TG',	'Y',getdate(), 'SYSTEM',Getdate(), 'SYSTEM')
INSERT INTO AssemblyPollingStationLookUp Values('265',	Null,	'Kamalapur',	'Kamalapur',	'31',	'9',	'TG',	'Y',getdate(), 'SYSTEM',Getdate(), 'SYSTEM')
INSERT INTO AssemblyPollingStationLookUp Values('266',	Null,	'Kamalapur',	'Kamalapur',	'31',	'9',	'TG',	'Y',getdate(), 'SYSTEM',Getdate(), 'SYSTEM')
INSERT INTO AssemblyPollingStationLookUp Values('267',	Null,	'Kamalapur',	'Kamalapur',	'31',	'9',	'TG',	'Y',getdate(), 'SYSTEM',Getdate(), 'SYSTEM')
INSERT INTO AssemblyPollingStationLookUp Values('268',	Null,	'Kamalapur',	'Kamalapur',	'31',	'9',	'TG',	'Y',getdate(), 'SYSTEM',Getdate(), 'SYSTEM')
INSERT INTO AssemblyPollingStationLookUp Values('269',	Null,	'Kamalapur',	'Kamalapur',	'31',	'9',	'TG',	'Y',getdate(), 'SYSTEM',Getdate(), 'SYSTEM')
INSERT INTO AssemblyPollingStationLookUp Values('270',	Null,	'Kamalapur',	'Kamalapur',	'31',	'9',	'TG',	'Y',getdate(), 'SYSTEM',Getdate(), 'SYSTEM')
INSERT INTO AssemblyPollingStationLookUp Values('271',	Null,	'Shanigaram',	'Kamalapur',	'31',	'9',	'TG',	'Y',getdate(), 'SYSTEM',Getdate(), 'SYSTEM')
INSERT INTO AssemblyPollingStationLookUp Values('272',	Null,	'Shanigaram',	'Kamalapur',	'31',	'9',	'TG',	'Y',getdate(), 'SYSTEM',Getdate(), 'SYSTEM')
INSERT INTO AssemblyPollingStationLookUp Values('273',	Null,	'Shanigaram ( New Gp Laxmipur)',	'Kamalapur',	'31',	'9',	'TG',	'Y',getdate(), 'SYSTEM',Getdate(), 'SYSTEM')
INSERT INTO AssemblyPollingStationLookUp Values('274',	Null,	'Shanigaram',	'Kamalapur',	'31',	'9',	'TG',	'Y',getdate(), 'SYSTEM',Getdate(), 'SYSTEM')
INSERT INTO AssemblyPollingStationLookUp Values('275',	Null,	'Shanigaram',	'Kamalapur',	'31',	'9',	'TG',	'Y',getdate(), 'SYSTEM',Getdate(), 'SYSTEM')
INSERT INTO AssemblyPollingStationLookUp Values('276',	Null,	'Gopalpur H/O Shanigaram',	'Kamalapur',	'31',	'9',	'TG',	'Y',getdate(), 'SYSTEM',Getdate(), 'SYSTEM')
INSERT INTO AssemblyPollingStationLookUp Values('277',	Null,	'Gopalpur H/O Shanigaram',	'Kamalapur',	'31',	'9',	'TG',	'Y',getdate(), 'SYSTEM',Getdate(), 'SYSTEM')
INSERT INTO AssemblyPollingStationLookUp Values('278',	Null,	'Madannapet',	'Kamalapur',	'31',	'9',	'TG',	'Y',getdate(), 'SYSTEM',Getdate(), 'SYSTEM')
INSERT INTO AssemblyPollingStationLookUp Values('279',	Null,	'Madannapet',	'Kamalapur',	'31',	'9',	'TG',	'Y',getdate(), 'SYSTEM',Getdate(), 'SYSTEM')
INSERT INTO AssemblyPollingStationLookUp Values('280',	Null,	'Madannapet',	'Kamalapur',	'31',	'9',	'TG',	'Y',getdate(), 'SYSTEM',Getdate(), 'SYSTEM')
INSERT INTO AssemblyPollingStationLookUp Values('281',	Null,	'Guniparthi',	'Kamalapur',	'31',	'9',	'TG',	'Y',getdate(), 'SYSTEM',Getdate(), 'SYSTEM')
INSERT INTO AssemblyPollingStationLookUp Values('282',	Null,	'Nerella',	'Kamalapur',	'31',	'9',	'TG',	'Y',getdate(), 'SYSTEM',Getdate(), 'SYSTEM')
INSERT INTO AssemblyPollingStationLookUp Values('283',	Null,	'Nerella',	'Kamalapur',	'31',	'9',	'TG',	'Y',getdate(), 'SYSTEM',Getdate(), 'SYSTEM')
INSERT INTO AssemblyPollingStationLookUp Values('284',	Null,	'Gudur',	'Kamalapur',	'31',	'9',	'TG',	'Y',getdate(), 'SYSTEM',Getdate(), 'SYSTEM')
INSERT INTO AssemblyPollingStationLookUp Values('285',	Null,	'Gudur',	'Kamalapur',	'31',	'9',	'TG',	'Y',getdate(), 'SYSTEM',Getdate(), 'SYSTEM')
INSERT INTO AssemblyPollingStationLookUp Values('286',	Null,	'Gudur',	'Kamalapur',	'31',	'9',	'TG',	'Y',getdate(), 'SYSTEM',Getdate(), 'SYSTEM')
INSERT INTO AssemblyPollingStationLookUp Values('287',	Null,	'Gudur',	'Kamalapur',	'31',	'9',	'TG',	'Y',getdate(), 'SYSTEM',Getdate(), 'SYSTEM')
INSERT INTO AssemblyPollingStationLookUp Values('288',	Null,	'Ambala',	'Kamalapur',	'31',	'9',	'TG',	'Y',getdate(), 'SYSTEM',Getdate(), 'SYSTEM')
INSERT INTO AssemblyPollingStationLookUp Values('289',	Null,	'Ambala',	'Kamalapur',	'31',	'9',	'TG',	'Y',getdate(), 'SYSTEM',Getdate(), 'SYSTEM')
INSERT INTO AssemblyPollingStationLookUp Values('290',	Null,	'Ambala',	'Kamalapur',	'31',	'9',	'TG',	'Y',getdate(), 'SYSTEM',Getdate(), 'SYSTEM')
INSERT INTO AssemblyPollingStationLookUp Values('291',	Null,	'Ambala',	'Kamalapur',	'31',	'9',	'TG',	'Y',getdate(), 'SYSTEM',Getdate(), 'SYSTEM')
INSERT INTO AssemblyPollingStationLookUp Values('292',	Null,	'Sriramulapalli H/O Ambala',	'Kamalapur',	'31',	'9',	'TG',	'Y',getdate(), 'SYSTEM',Getdate(), 'SYSTEM')
INSERT INTO AssemblyPollingStationLookUp Values('293',	Null,	'Sriramulapalli H/O Ambala',	'Kamalapur',	'31',	'9',	'TG',	'Y',getdate(), 'SYSTEM',Getdate(), 'SYSTEM')
INSERT INTO AssemblyPollingStationLookUp Values('294',	Null,	'Uppal',	'Kamalapur',	'31',	'9',	'TG',	'Y',getdate(), 'SYSTEM',Getdate(), 'SYSTEM')
INSERT INTO AssemblyPollingStationLookUp Values('295',	Null,	'Uppal',	'Kamalapur',	'31',	'9',	'TG',	'Y',getdate(), 'SYSTEM',Getdate(), 'SYSTEM')
INSERT INTO AssemblyPollingStationLookUp Values('296',	Null,	'Uppal',	'Kamalapur',	'31',	'9',	'TG',	'Y',getdate(), 'SYSTEM',Getdate(), 'SYSTEM')
INSERT INTO AssemblyPollingStationLookUp Values('297',	Null,	'Uppal',	'Kamalapur',	'31',	'9',	'TG',	'Y',getdate(), 'SYSTEM',Getdate(), 'SYSTEM')
INSERT INTO AssemblyPollingStationLookUp Values('298',	Null,	'Uppal',	'Kamalapur',	'31',	'9',	'TG',	'Y',getdate(), 'SYSTEM',Getdate(), 'SYSTEM')
INSERT INTO AssemblyPollingStationLookUp Values('299',	Null,	'Uppalalapalli H/O Uppal',	'Kamalapur',	'31',	'9',	'TG',	'Y',getdate(), 'SYSTEM',Getdate(), 'SYSTEM')
INSERT INTO AssemblyPollingStationLookUp Values('300',	Null,	'Desharaj Palli',	'Kamalapur',	'31',	'9',	'TG',	'Y',getdate(), 'SYSTEM',Getdate(), 'SYSTEM')
INSERT INTO AssemblyPollingStationLookUp Values('301',	Null,	'Desharaj Palli',	'Kamalapur',	'31',	'9',	'TG',	'Y',getdate(), 'SYSTEM',Getdate(), 'SYSTEM')
INSERT INTO AssemblyPollingStationLookUp Values('302',	Null,	'Desharaj Palli',	'Kamalapur',	'31',	'9',	'TG',	'Y',getdate(), 'SYSTEM',Getdate(), 'SYSTEM')
INSERT INTO AssemblyPollingStationLookUp Values('303',	Null,	'Kaniparthi',	'Kamalapur',	'31',	'9',	'TG',	'Y',getdate(), 'SYSTEM',Getdate(), 'SYSTEM')
INSERT INTO AssemblyPollingStationLookUp Values('304',	Null,	'Shambunipalli H/O Kaniparthi',	'Kamalapur',	'31',	'9',	'TG',	'Y',getdate(), 'SYSTEM',Getdate(), 'SYSTEM')
INSERT INTO AssemblyPollingStationLookUp Values('305',	Null,	'Shambhunipally',	'Kamalapur',	'31',	'9',	'TG',	'Y',getdate(), 'SYSTEM',Getdate(), 'SYSTEM')

GO



INSERT INTO CommunityLookUp Values('BC','BC', 'Y', Getdate(), 'SYSTEM',Getdate(),'SYSTEM')
INSERT INTO CommunityLookUp Values('SC','SC', 'Y', Getdate(), 'SYSTEM',Getdate(),'SYSTEM')
INSERT INTO CommunityLookUp Values('ST','ST', 'Y', Getdate(), 'SYSTEM',Getdate(),'SYSTEM')
INSERT INTO CommunityLookUp Values('OC','OC', 'Y', Getdate(), 'SYSTEM',Getdate(),'SYSTEM')
INSERT INTO CommunityLookUp Values('Minority','Minority', 'Y', Getdate(), 'SYSTEM',Getdate(),'SYSTEM')
INSERT INTO CommunityLookUp Values('OTH','Others', 'Y', Getdate(), 'SYSTEM',Getdate(),'SYSTEM')

GO

INSERT INTO SubCasteLookUp Values('OTH','Others','BC','Y', Getdate(), 'SYSTEM',Getdate(),'SYSTEM')
INSERT INTO SubCasteLookUp Values('OTH','Others','SC','Y', Getdate(), 'SYSTEM',Getdate(),'SYSTEM')
INSERT INTO SubCasteLookUp Values('OTH','Others','ST','Y', Getdate(), 'SYSTEM',Getdate(),'SYSTEM')
INSERT INTO SubCasteLookUp Values('OTH','Others','OC','Y', Getdate(), 'SYSTEM',Getdate(),'SYSTEM')
INSERT INTO SubCasteLookUp Values('OTH','Others','Minority','Y', Getdate(), 'SYSTEM',Getdate(),'SYSTEM')
INSERT INTO SubCasteLookUp Values('OTH','Others','OTH','Y', Getdate(), 'SYSTEM',Getdate(),'SYSTEM')

GO
INSERT INTO GenderLookUp Values('M','Male', 'Y', Getdate(), 'SYSTEM',Getdate(),'SYSTEM')
INSERT INTO GenderLookUp Values('F','Female', 'Y', Getdate(), 'SYSTEM',Getdate(),'SYSTEM')
INSERT INTO GenderLookUp Values('OTH','Others', 'Y', Getdate(), 'SYSTEM',Getdate(),'SYSTEM')

GO

INSERT INTO EducationLookUp Values('0','0', 'Y', Getdate(), 'SYSTEM',Getdate(),'SYSTEM')
INSERT INTO EducationLookUp Values('1','1', 'Y', Getdate(), 'SYSTEM',Getdate(),'SYSTEM')
INSERT INTO EducationLookUp Values('2','2', 'Y', Getdate(), 'SYSTEM',Getdate(),'SYSTEM')
INSERT INTO EducationLookUp Values('3','3', 'Y', Getdate(), 'SYSTEM',Getdate(),'SYSTEM')
INSERT INTO EducationLookUp Values('4','4', 'Y', Getdate(), 'SYSTEM',Getdate(),'SYSTEM')
INSERT INTO EducationLookUp Values('5','5', 'Y', Getdate(), 'SYSTEM',Getdate(),'SYSTEM')
INSERT INTO EducationLookUp Values('6','6', 'Y', Getdate(), 'SYSTEM',Getdate(),'SYSTEM')


GO

INSERT INTO IFPartyLookUp Values('TRS'	,	'TRS', 'Y', Getdate(), 'SYSTEM',Getdate(),'SYSTEM')
INSERT INTO IFPartyLookUp Values('INC'	,	'INC', 'Y', Getdate(), 'SYSTEM',Getdate(),'SYSTEM')
INSERT INTO IFPartyLookUp Values('BJP'	,	'BJP', 'Y', Getdate(), 'SYSTEM',Getdate(),'SYSTEM')
INSERT INTO IFPartyLookUp Values('CPM'	,	'CPM', 'Y', Getdate(), 'SYSTEM',Getdate(),'SYSTEM')
INSERT INTO IFPartyLookUp Values('DSP'	,	'DSP', 'Y', Getdate(), 'SYSTEM',Getdate(),'SYSTEM')
INSERT INTO IFPartyLookUp Values('CPI'	,	'CPI', 'Y', Getdate(), 'SYSTEM',Getdate(),'SYSTEM')
INSERT INTO IFPartyLookUp Values('TDP'	,	'TDP', 'Y', Getdate(), 'SYSTEM',Getdate(),'SYSTEM')
INSERT INTO IFPartyLookUp Values('JANASENA',	'JANASENA', 'Y', Getdate(), 'SYSTEM',Getdate(),'SYSTEM')
INSERT INTO IFPartyLookUp Values('MRPS'	,	'MRPS', 'Y', Getdate(), 'SYSTEM',Getdate(),'SYSTEM')
INSERT INTO IFPartyLookUp Values('BSP'	,	'BSP', 'Y', Getdate(), 'SYSTEM',Getdate(),'SYSTEM')
INSERT INTO IFPartyLookUp Values('MSP'	,	'MSP', 'Y', Getdate(), 'SYSTEM',Getdate(),'SYSTEM')
INSERT INTO IFPartyLookUp Values('NEUTRAL'	,'NEUTRAL', 'Y', Getdate(), 'SYSTEM',Getdate(),'SYSTEM')
INSERT INTO IFPartyLookUp Values('NOTA'	,	'NOTA', 'Y', Getdate(), 'SYSTEM',Getdate(),'SYSTEM')

GO
INSERT INTO PPAT_SFLookUp Values('S-0'	,'S-0','Y', Getdate(), 'SYSTEM',Getdate(),'SYSTEM')
INSERT INTO PPAT_SFLookUp Values('S-1'	,'S-1','Y', Getdate(), 'SYSTEM',Getdate(),'SYSTEM')
INSERT INTO PPAT_SFLookUp Values('S-2'	,'S-2','Y', Getdate(), 'SYSTEM',Getdate(),'SYSTEM')
INSERT INTO PPAT_SFLookUp Values('S-3'	,'S-3','Y', Getdate(), 'SYSTEM',Getdate(),'SYSTEM')
INSERT INTO PPAT_SFLookUp Values('S-4'	,'S-4','Y', Getdate(), 'SYSTEM',Getdate(),'SYSTEM')
INSERT INTO PPAT_SFLookUp Values('S-5'	,'S-5','Y', Getdate(), 'SYSTEM',Getdate(),'SYSTEM')
INSERT INTO PPAT_SFLookUp Values('S-6'	,'S-6','Y', Getdate(), 'SYSTEM',Getdate(),'SYSTEM')

GO
INSERT INTO PPAT_PRFLookUp Values('0','0', 'Y', Getdate(), 'SYSTEM',Getdate(),'SYSTEM')
INSERT INTO PPAT_PRFLookUp Values('1','1', 'Y', Getdate(), 'SYSTEM',Getdate(),'SYSTEM')
INSERT INTO PPAT_PRFLookUp Values('2','2', 'Y', Getdate(), 'SYSTEM',Getdate(),'SYSTEM')
INSERT INTO PPAT_PRFLookUp Values('3','3', 'Y', Getdate(), 'SYSTEM',Getdate(),'SYSTEM')

GO
INSERT INTO PPAT_VPFLookUp Values('0','0', 'Y', Getdate(), 'SYSTEM',Getdate(),'SYSTEM')
INSERT INTO PPAT_VPFLookUp Values('1','1', 'Y', Getdate(), 'SYSTEM',Getdate(),'SYSTEM')
INSERT INTO PPAT_VPFLookUp Values('2','2', 'Y', Getdate(), 'SYSTEM',Getdate(),'SYSTEM')
INSERT INTO PPAT_VPFLookUp Values('3','3', 'Y', Getdate(), 'SYSTEM',Getdate(),'SYSTEM')

GO
INSERT INTO PPAT_PIFLookUp Values('A','A', 'Y', Getdate(), 'SYSTEM',Getdate(),'SYSTEM')
INSERT INTO PPAT_PIFLookUp Values('B','B', 'Y', Getdate(), 'SYSTEM',Getdate(),'SYSTEM')
INSERT INTO PPAT_PIFLookUp Values('C','C', 'Y', Getdate(), 'SYSTEM',Getdate(),'SYSTEM')
INSERT INTO PPAT_PIFLookUp Values('D','D', 'Y', Getdate(), 'SYSTEM',Getdate(),'SYSTEM')

GO

INSERT INTO PPAT_EBFLookUp Values('0','0', 'Y', Getdate(), 'SYSTEM',Getdate(),'SYSTEM')
INSERT INTO PPAT_EBFLookUp Values('1','1', 'Y', Getdate(), 'SYSTEM',Getdate(),'SYSTEM')
INSERT INTO PPAT_EBFLookUp Values('2','2', 'Y', Getdate(), 'SYSTEM',Getdate(),'SYSTEM')
INSERT INTO PPAT_EBFLookUp Values('3','3', 'Y', Getdate(), 'SYSTEM',Getdate(),'SYSTEM')

GO

INSERT INTO PPAT_LLRFLookUp Values('0','0', 'Y', Getdate(), 'SYSTEM',Getdate(),'SYSTEM')
INSERT INTO PPAT_LLRFLookUp Values('1','1', 'Y', Getdate(), 'SYSTEM',Getdate(),'SYSTEM')
INSERT INTO PPAT_LLRFLookUp Values('2','2', 'Y', Getdate(), 'SYSTEM',Getdate(),'SYSTEM')
INSERT INTO PPAT_LLRFLookUp Values('3','3', 'Y', Getdate(), 'SYSTEM',Getdate(),'SYSTEM')
Go
INSERT INTO PPAT_SIFLookUp Values('0','0', 'Y', Getdate(), 'SYSTEM',Getdate(),'SYSTEM')
INSERT INTO PPAT_SIFLookUp Values('1','1', 'Y', Getdate(), 'SYSTEM',Getdate(),'SYSTEM')
INSERT INTO PPAT_SIFLookUp Values('2','2', 'Y', Getdate(), 'SYSTEM',Getdate(),'SYSTEM')
INSERT INTO PPAT_SIFLookUp Values('3','3', 'Y', Getdate(), 'SYSTEM',Getdate(),'SYSTEM')
INSERT INTO PPAT_SIFLookUp Values('4','4', 'Y', Getdate(), 'SYSTEM',Getdate(),'SYSTEM')

GO
INSERT INTO PPAT_GradingLookUp Values('A','A', 'Y', Getdate(), 'SYSTEM',Getdate(),'SYSTEM')
INSERT INTO PPAT_GradingLookUp Values('B','B', 'Y', Getdate(), 'SYSTEM',Getdate(),'SYSTEM')
INSERT INTO PPAT_GradingLookUp Values('C','C', 'Y', Getdate(), 'SYSTEM',Getdate(),'SYSTEM')
INSERT INTO PPAT_GradingLookUp Values('D','D', 'Y', Getdate(), 'SYSTEM',Getdate(),'SYSTEM')

GO

INSERT INTO ApplicationLookUp Values('PPAT','PPAT', 'Y', Getdate(), 'SYSTEM',Getdate(),'SYSTEM')
INSERT INTO ApplicationLookUp Values('PIG','Political Influence Groups', 'Y', Getdate(), 'SYSTEM',Getdate(),'SYSTEM')
INSERT INTO ApplicationLookUp Values('SS','Social Segments', 'Y', Getdate(), 'SYSTEM',Getdate(),'SYSTEM')

GO

INSERT INTO MeasuringApplicationLookUp Values('IF',	'IF','Y', Getdate(), 'SYSTEM',Getdate(),'SYSTEM')
INSERT INTO MeasuringApplicationLookUp Values('Weightage',	'Weightage','Y', Getdate(), 'SYSTEM',Getdate(),'SYSTEM')
INSERT INTO MeasuringApplicationLookUp Values('PRF',	'PRF','Y', Getdate(), 'SYSTEM',Getdate(),'SYSTEM')
INSERT INTO MeasuringApplicationLookUp Values('VCP',	'VCP','Y', Getdate(), 'SYSTEM',Getdate(),'SYSTEM')
INSERT INTO MeasuringApplicationLookUp Values('EP',	'EP','Y', Getdate(), 'SYSTEM',Getdate(),'SYSTEM')
INSERT INTO MeasuringApplicationLookUp Values('PPR',	'PPR','Y', Getdate(), 'SYSTEM',Getdate(),'SYSTEM')
INSERT INTO MeasuringApplicationLookUp Values('ETA',	'ETA','Y', Getdate(), 'SYSTEM',Getdate(),'SYSTEM')
INSERT INTO MeasuringApplicationLookUp Values('KV',	'Key-Voters','Y', Getdate(), 'SYSTEM',Getdate(),'SYSTEM')
INSERT INTO MeasuringApplicationLookUp Values('OM',	'Opinion Makers','Y', Getdate(), 'SYSTEM',Getdate(),'SYSTEM')
INSERT INTO MeasuringApplicationLookUp Values('LBL-WM',	'LBL-WardMember','Y', Getdate(), 'SYSTEM',Getdate(),'SYSTEM')
INSERT INTO MeasuringApplicationLookUp Values('LBL-SARPANCH',	'LBL-SARPANCH','Y', Getdate(), 'SYSTEM',Getdate(),'SYSTEM')
INSERT INTO MeasuringApplicationLookUp Values('LBL-UPASARPANCH',	'LBL-UPASARPANCH','Y', Getdate(), 'SYSTEM',Getdate(),'SYSTEM')
INSERT INTO MeasuringApplicationLookUp Values('LBL-ZPTC',	'LBL-ZPTC','Y', Getdate(), 'SYSTEM',Getdate(),'SYSTEM')
INSERT INTO MeasuringApplicationLookUp Values('LBL-MPP',	'LBL-MPP','Y', Getdate(), 'SYSTEM',Getdate(),'SYSTEM')
INSERT INTO MeasuringApplicationLookUp Values('LBL-MPTC',	'LBL-MPTC','Y', Getdate(), 'SYSTEM',Getdate(),'SYSTEM')
INSERT INTO MeasuringApplicationLookUp Values('MAHILA-ANGNWADI',	'Mahila-Anganwadi','Y', Getdate(), 'SYSTEM',Getdate(),'SYSTEM')
INSERT INTO MeasuringApplicationLookUp Values('MAHILA-ASHA',	'Mahila-Asha','Y', Getdate(), 'SYSTEM',Getdate(),'SYSTEM')
INSERT INTO MeasuringApplicationLookUp Values('MAHILA-SHG',	'Mahila-SHG','Y', Getdate(), 'SYSTEM',Getdate(),'SYSTEM')
INSERT INTO MeasuringApplicationLookUp Values('MAHILA-WOM',	'Mahila-WOM','Y', Getdate(), 'SYSTEM',Getdate(),'SYSTEM')
INSERT INTO MeasuringApplicationLookUp Values('POM',	'POM','Y', Getdate(), 'SYSTEM',Getdate(),'SYSTEM')
INSERT INTO MeasuringApplicationLookUp Values('COM',	'COM','Y', Getdate(), 'SYSTEM',Getdate(),'SYSTEM')
INSERT INTO MeasuringApplicationLookUp Values('TUL',	'TUL','Y', Getdate(), 'SYSTEM',Getdate(),'SYSTEM')
INSERT INTO MeasuringApplicationLookUp Values('SS',	'Social Segment','Y', Getdate(), 'SYSTEM',Getdate(),'SYSTEM')
INSERT INTO MeasuringApplicationLookUp Values('MBC-SAPGIR',	'MOST BACK Caste -Sapta Girulu','Y', Getdate(), 'SYSTEM',Getdate(),'SYSTEM')
GO


GO

INSERT INTO MeasuringApplicationMappings Values('IF',	'PPAT','Y', Getdate(), 'SYSTEM',Getdate(),'SYSTEM')
INSERT INTO MeasuringApplicationMappings Values('Weightage',	'PPAT','Y', Getdate(), 'SYSTEM',Getdate(),'SYSTEM')
INSERT INTO MeasuringApplicationMappings Values('PRF',	'PPAT','Y', Getdate(), 'SYSTEM',Getdate(),'SYSTEM')
INSERT INTO MeasuringApplicationMappings Values('VCP',	'PPAT','Y', Getdate(), 'SYSTEM',Getdate(),'SYSTEM')
INSERT INTO MeasuringApplicationMappings Values('EP',	'PPAT','Y', Getdate(), 'SYSTEM',Getdate(),'SYSTEM')
INSERT INTO MeasuringApplicationMappings Values('PPR',	'PPAT','Y', Getdate(), 'SYSTEM',Getdate(),'SYSTEM')
INSERT INTO MeasuringApplicationMappings Values('ETA',	'PPAT','Y', Getdate(), 'SYSTEM',Getdate(),'SYSTEM')
INSERT INTO MeasuringApplicationMappings Values('KV',	'PIG','Y', Getdate(), 'SYSTEM',Getdate(),'SYSTEM')
INSERT INTO MeasuringApplicationMappings Values('OM',	'PIG','Y', Getdate(), 'SYSTEM',Getdate(),'SYSTEM')
INSERT INTO MeasuringApplicationMappings Values('LBL-WM',	'PIG','Y', Getdate(), 'SYSTEM',Getdate(),'SYSTEM')
INSERT INTO MeasuringApplicationMappings Values('LBL-SARPANCH',	'PIG','Y', Getdate(), 'SYSTEM',Getdate(),'SYSTEM')
INSERT INTO MeasuringApplicationMappings Values('LBL-UPASARPANCH',	'PIG','Y', Getdate(), 'SYSTEM',Getdate(),'SYSTEM')
INSERT INTO MeasuringApplicationMappings Values('LBL-ZPTC',	'PIG','Y', Getdate(), 'SYSTEM',Getdate(),'SYSTEM')
INSERT INTO MeasuringApplicationMappings Values('LBL-MPP',	'PIG','Y', Getdate(), 'SYSTEM',Getdate(),'SYSTEM')
INSERT INTO MeasuringApplicationMappings Values('LBL-MPTC',	'PIG','Y', Getdate(), 'SYSTEM',Getdate(),'SYSTEM')
INSERT INTO MeasuringApplicationMappings Values('MAHILA-ANGNWADI',	'PIG','Y', Getdate(), 'SYSTEM',Getdate(),'SYSTEM')
INSERT INTO MeasuringApplicationMappings Values('MAHILA-ASHA',	'PIG','Y', Getdate(), 'SYSTEM',Getdate(),'SYSTEM')
INSERT INTO MeasuringApplicationMappings Values('MAHILA-SHG',	'PIG','Y', Getdate(), 'SYSTEM',Getdate(),'SYSTEM')
INSERT INTO MeasuringApplicationMappings Values('MAHILA-WOM',	'PIG','Y', Getdate(), 'SYSTEM',Getdate(),'SYSTEM')
INSERT INTO MeasuringApplicationMappings Values('POM',	'PIG','Y', Getdate(), 'SYSTEM',Getdate(),'SYSTEM')
INSERT INTO MeasuringApplicationMappings Values('COM',	'PIG','Y', Getdate(), 'SYSTEM',Getdate(),'SYSTEM')
INSERT INTO MeasuringApplicationMappings Values('TUL',	'PIG','Y', Getdate(), 'SYSTEM',Getdate(),'SYSTEM')
INSERT INTO MeasuringApplicationMappings Values('SS',	'SS','Y', Getdate(), 'SYSTEM',Getdate(),'SYSTEM')
INSERT INTO MeasuringApplicationMappings Values('MBC-SAPGIR',	'SS','Y', Getdate(), 'SYSTEM',Getdate(),'SYSTEM')

GO	

--Select NewID()
INSERT INTO EmployeeInfo Values('Satish','Kumar','9000000000','satish@yahoo.com','Hyd', 'satish','satish','9F7FDD9F-8089-4495-9562-89BBF1AA241D','Y', Getdate(), 'SYSTEM',Getdate(),'SYSTEM')
INSERT INTO EmployeeInfo Values('Shankar','Baba','9000000000','Shankar@yahoo.com','Hyd', 'shankar','shankar','014BCAA4-3240-48C6-B60B-72D5CD985252','Y', Getdate(), 'SYSTEM',Getdate(),'SYSTEM')

GO
 
INSERT INTO RolesLookUp Values('0','Not assigned', 'Y', Getdate(), 'SYSTEM',Getdate(),'SYSTEM')
INSERT INTO RolesLookUp Values('1','User', 'Y', Getdate(), 'SYSTEM',Getdate(),'SYSTEM')
INSERT INTO RolesLookUp Values('2','Supervisor', 'Y', Getdate(), 'SYSTEM',Getdate(),'SYSTEM')
INSERT INTO RolesLookUp Values('3','Admin', 'Y', Getdate(), 'SYSTEM',Getdate(),'SYSTEM')
INSERT INTO RolesLookUp Values('4','Techsupport', 'Y', Getdate(), 'SYSTEM',Getdate(),'SYSTEM')

GO

INSERT INTO EmployeeRoles Select EmpId, 3,'Y', Getdate(), 'SYSTEM',Getdate(),'SYSTEM' from EmployeeInfo where EmpEmail='satish@yahoo.com'
INSERT INTO EmployeeRoles Select EmpId, 3,'Y', Getdate(), 'SYSTEM',Getdate(),'SYSTEM' from EmployeeInfo where EmpEmail='Shankar@yahoo.com'

GO

INSERT INTO EmployeeAppAccess Select EmpId, 'PPAT','Y', Getdate(), 'SYSTEM',Getdate(),'SYSTEM' from EmployeeInfo where EmpEmail='satish@yahoo.com'
INSERT INTO EmployeeAppAccess Select EmpId, 'PIG','Y', Getdate(), 'SYSTEM',Getdate(),'SYSTEM' from EmployeeInfo where EmpEmail='satish@yahoo.com'
INSERT INTO EmployeeAppAccess Select EmpId, 'SS','Y', Getdate(), 'SYSTEM',Getdate(),'SYSTEM' from EmployeeInfo where EmpEmail='satish@yahoo.com'

INSERT INTO EmployeeAppAccess Select EmpId, 'PPAT','Y', Getdate(), 'SYSTEM',Getdate(),'SYSTEM' from EmployeeInfo where EmpEmail='Shankar@yahoo.com'
INSERT INTO EmployeeAppAccess Select EmpId, 'PIG','Y', Getdate(), 'SYSTEM',Getdate(),'SYSTEM' from EmployeeInfo where EmpEmail='Shankar@yahoo.com'
INSERT INTO EmployeeAppAccess Select EmpId, 'SS','Y', Getdate(), 'SYSTEM',Getdate(),'SYSTEM' from EmployeeInfo where EmpEmail='Shankar@yahoo.com'

GO

INSERT INTO SubCasteLookUp Values('Brahmin',	'Brahmin',	'OC'	,'Y',Getdate(),'SYSTEM',Getdate(),'SYSTEM')
INSERT INTO SubCasteLookUp Values('Kamma',	'Kamma',	'OC'	,'Y',Getdate(),'SYSTEM',Getdate(),'SYSTEM')
INSERT INTO SubCasteLookUp Values('Kapu',	'Kapu',	'OC'	,'Y',Getdate(),'SYSTEM',Getdate(),'SYSTEM')
INSERT INTO SubCasteLookUp Values('Komati',	'Komati',	'OC'	,'Y',Getdate(),'SYSTEM',Getdate(),'SYSTEM')
INSERT INTO SubCasteLookUp Values('Telaga',	'Telaga',	'OC'	,'Y',Getdate(),'SYSTEM',Getdate(),'SYSTEM')
INSERT INTO SubCasteLookUp Values('Kshatriya',	'Kshatriya',	'OC'	,'Y',Getdate(),'SYSTEM',Getdate(),'SYSTEM')
INSERT INTO SubCasteLookUp Values('Reddy',	'Reddy',	'OC'	,'Y',Getdate(),'SYSTEM',Getdate(),'SYSTEM')
INSERT INTO SubCasteLookUp Values('Balija',	'Balija',	'OC'	,'Y',Getdate(),'SYSTEM',Getdate(),'SYSTEM')
INSERT INTO SubCasteLookUp Values('Velama',	'Velama',	'OC'	,'Y',Getdate(),'SYSTEM',Getdate(),'SYSTEM')


INSERT INTO SubCasteLookUp Values(	'Agnikulakshatriya',	'Agnikulakshatriya',	'BC'	,'Y',Getdate(),'SYSTEM',Getdate(),'SYSTEM')
INSERT INTO SubCasteLookUp Values(	'Palli',	'Palli',	'BC'	,'Y',Getdate(),'SYSTEM',Getdate(),'SYSTEM')
INSERT INTO SubCasteLookUp Values(	'Vadabalija',	'Vadabalija',	'BC'	,'Y',Getdate(),'SYSTEM',Getdate(),'SYSTEM')
INSERT INTO SubCasteLookUp Values(	'Bestha',	'Bestha',	'BC'	,'Y',Getdate(),'SYSTEM',Getdate(),'SYSTEM')
INSERT INTO SubCasteLookUp Values(	'Jalari',	'Jalari',	'BC'	,'Y',Getdate(),'SYSTEM',Getdate(),'SYSTEM')
INSERT INTO SubCasteLookUp Values(	'Gangavar',	'Gangavar',	'BC'	,'Y',Getdate(),'SYSTEM',Getdate(),'SYSTEM')
INSERT INTO SubCasteLookUp Values(	'Gangaputra',	'Gangaputra',	'BC'	,'Y',Getdate(),'SYSTEM',Getdate(),'SYSTEM')
INSERT INTO SubCasteLookUp Values(	'Goondla',	'Goondla',	'BC'	,'Y',Getdate(),'SYSTEM',Getdate(),'SYSTEM')
INSERT INTO SubCasteLookUp Values(	'Vanyakulakshtriya',	'Vanyakulakshtriya',	'BC'	,'Y',Getdate(),'SYSTEM',Getdate(),'SYSTEM')
INSERT INTO SubCasteLookUp Values(	'Vannekapu',	'Vannekapu',	'BC'	,'Y',Getdate(),'SYSTEM',Getdate(),'SYSTEM')
INSERT INTO SubCasteLookUp Values(	'Vannereddi',	'Vannereddi',	'BC'	,'Y',Getdate(),'SYSTEM',Getdate(),'SYSTEM')
INSERT INTO SubCasteLookUp Values(	'Pallikapu',	'Pallikapu',	'BC'	,'Y',Getdate(),'SYSTEM',Getdate(),'SYSTEM')
INSERT INTO SubCasteLookUp Values(	'Pallireddi',	'Pallireddi',	'BC'	,'Y',Getdate(),'SYSTEM',Getdate(),'SYSTEM')
INSERT INTO SubCasteLookUp Values(	'Nayyala',	'Nayyala',	'BC'	,'Y',Getdate(),'SYSTEM',Getdate(),'SYSTEM')
INSERT INTO SubCasteLookUp Values(	'Pattapu',	'Pattapu',	'BC'	,'Y',Getdate(),'SYSTEM',Getdate(),'SYSTEM')
INSERT INTO SubCasteLookUp Values(	'Balasanthu, Bahurupi',	'Balasanthu, Bahurupi',	'BC'	,'Y',Getdate(),'SYSTEM',Getdate(),'SYSTEM')
INSERT INTO SubCasteLookUp Values(	'Bandara',	'Bandara',	'BC'	,'Y',Getdate(),'SYSTEM',Getdate(),'SYSTEM')
INSERT INTO SubCasteLookUp Values(	'Budabukkala',	'Budabukkala',	'BC'	,'Y',Getdate(),'SYSTEM',Getdate(),'SYSTEM')
INSERT INTO SubCasteLookUp Values(	'Rajaka, Chakali, Vannar',	'Rajaka, Chakali, Vannar',	'BC'	,'Y',Getdate(),'SYSTEM',Getdate(),'SYSTEM')
INSERT INTO SubCasteLookUp Values(	'Dasari  ',	'Dasari  ',	'BC'	,'Y',Getdate(),'SYSTEM',Getdate(),'SYSTEM')
INSERT INTO SubCasteLookUp Values(	'Dommara',	'Dommara',	'BC'	,'Y',Getdate(),'SYSTEM',Getdate(),'SYSTEM')
INSERT INTO SubCasteLookUp Values(	'Golla  ',	'Golla  ',	'BC'	,'Y',Getdate(),'SYSTEM',Getdate(),'SYSTEM')
INSERT INTO SubCasteLookUp Values(	'Goud',	'Goud',	'BC'	,'Y',Getdate(),'SYSTEM',Getdate(),'SYSTEM')
INSERT INTO SubCasteLookUp Values(	'Gangiredlavaru',	'Gangiredlavaru',	'BC'	,'Y',Getdate(),'SYSTEM',Getdate(),'SYSTEM')
INSERT INTO SubCasteLookUp Values(	'Jangam',	'Jangam',	'BC'	,'Y',Getdate(),'SYSTEM',Getdate(),'SYSTEM')
INSERT INTO SubCasteLookUp Values(	'Jogi',	'Jogi',	'BC'	,'Y',Getdate(),'SYSTEM',Getdate(),'SYSTEM')
INSERT INTO SubCasteLookUp Values(	'Katipapala',	'Katipapala',	'BC'	,'Y',Getdate(),'SYSTEM',Getdate(),'SYSTEM')
INSERT INTO SubCasteLookUp Values(	'Korcha, Koracha',	'Korcha, Koracha',	'BC'	,'Y',Getdate(),'SYSTEM',Getdate(),'SYSTEM')
INSERT INTO SubCasteLookUp Values(	'Kuruba',	'Kuruba',	'BC'	,'Y',Getdate(),'SYSTEM',Getdate(),'SYSTEM')
INSERT INTO SubCasteLookUp Values(	'Medari  ',	'Medari  ',	'BC'	,'Y',Getdate(),'SYSTEM',Getdate(),'SYSTEM')
INSERT INTO SubCasteLookUp Values(	'Mondivaru Mondibanda Banda',	'Mondivaru Mondibanda Banda',	'BC'	,'Y',Getdate(),'SYSTEM',Getdate(),'SYSTEM')
INSERT INTO SubCasteLookUp Values(	'Nayi-Brahmin  ',	'Nayi-Brahmin  ',	'BC'	,'Y',Getdate(),'SYSTEM',Getdate(),'SYSTEM')
INSERT INTO SubCasteLookUp Values(	'Vamsha Raj',	'Vamsha Raj',	'BC'	,'Y',Getdate(),'SYSTEM',Getdate(),'SYSTEM')
INSERT INTO SubCasteLookUp Values(	'Pamula',	'Pamula',	'BC'	,'Y',Getdate(),'SYSTEM',Getdate(),'SYSTEM')
INSERT INTO SubCasteLookUp Values(	'Pardhi ',	'Pardhi ',	'BC'	,'Y',Getdate(),'SYSTEM',Getdate(),'SYSTEM')
INSERT INTO SubCasteLookUp Values(	'Pambala',	'Pambala',	'BC'	,'Y',Getdate(),'SYSTEM',Getdate(),'SYSTEM')
INSERT INTO SubCasteLookUp Values(	'Peddammavandlu',	'Peddammavandlu',	'BC'	,'Y',Getdate(),'SYSTEM',Getdate(),'SYSTEM')
INSERT INTO SubCasteLookUp Values(	'Devaravandlu',	'Devaravandlu',	'BC'	,'Y',Getdate(),'SYSTEM',Getdate(),'SYSTEM')
INSERT INTO SubCasteLookUp Values(	'Yellammavandlu',	'Yellammavandlu',	'BC'	,'Y',Getdate(),'SYSTEM',Getdate(),'SYSTEM')
INSERT INTO SubCasteLookUp Values(	'Mutyalammavandlu',	'Mutyalammavandlu',	'BC'	,'Y',Getdate(),'SYSTEM',Getdate(),'SYSTEM')
INSERT INTO SubCasteLookUp Values(	'Veeramushti',	'Veeramushti',	'BC'	,'Y',Getdate(),'SYSTEM',Getdate(),'SYSTEM')
INSERT INTO SubCasteLookUp Values(	'Veerabhadreeya',	'Veerabhadreeya',	'BC'	,'Y',Getdate(),'SYSTEM',Getdate(),'SYSTEM')
INSERT INTO SubCasteLookUp Values(	'Valmiki Boya ',	'Valmiki Boya ',	'BC'	,'Y',Getdate(),'SYSTEM',Getdate(),'SYSTEM')
INSERT INTO SubCasteLookUp Values(	'Gudala',	'Gudala',	'BC'	,'Y',Getdate(),'SYSTEM',Getdate(),'SYSTEM')
INSERT INTO SubCasteLookUp Values(	'Kanjara-Bhatta',	'Kanjara-Bhatta',	'BC'	,'Y',Getdate(),'SYSTEM',Getdate(),'SYSTEM')
INSERT INTO SubCasteLookUp Values(	'Kinthala Kalinga',	'Kinthala Kalinga',	'BC'	,'Y',Getdate(),'SYSTEM',Getdate(),'SYSTEM')
INSERT INTO SubCasteLookUp Values(	'Buragana Kalinga',	'Buragana Kalinga',	'BC'	,'Y',Getdate(),'SYSTEM',Getdate(),'SYSTEM')
INSERT INTO SubCasteLookUp Values(	'Buragam Kalinga',	'Buragam Kalinga',	'BC'	,'Y',Getdate(),'SYSTEM',Getdate(),'SYSTEM')
INSERT INTO SubCasteLookUp Values(	'Pandiri Kalinga',	'Pandiri Kalinga',	'BC'	,'Y',Getdate(),'SYSTEM',Getdate(),'SYSTEM')
INSERT INTO SubCasteLookUp Values(	'Kalinga',	'Kalinga',	'BC'	,'Y',Getdate(),'SYSTEM',Getdate(),'SYSTEM')
INSERT INTO SubCasteLookUp Values(	'Kepmare ',	'Kepmare ',	'BC'	,'Y',Getdate(),'SYSTEM',Getdate(),'SYSTEM')
INSERT INTO SubCasteLookUp Values(	'Mondepatta Mondipatta',	'Mondepatta Mondipatta',	'BC'	,'Y',Getdate(),'SYSTEM',Getdate(),'SYSTEM')
INSERT INTO SubCasteLookUp Values(	'Nokkar',	'Nokkar',	'BC'	,'Y',Getdate(),'SYSTEM',Getdate(),'SYSTEM')
INSERT INTO SubCasteLookUp Values(	'Pariki Muggula',	'Pariki Muggula',	'BC'	,'Y',Getdate(),'SYSTEM',Getdate(),'SYSTEM')
INSERT INTO SubCasteLookUp Values(	'Yata',	'Yata',	'BC'	,'Y',Getdate(),'SYSTEM',Getdate(),'SYSTEM')
INSERT INTO SubCasteLookUp Values(	'Chopemari',	'Chopemari',	'BC'	,'Y',Getdate(),'SYSTEM',Getdate(),'SYSTEM')
INSERT INTO SubCasteLookUp Values(	'Kaikadi',	'Kaikadi',	'BC'	,'Y',Getdate(),'SYSTEM',Getdate(),'SYSTEM')
INSERT INTO SubCasteLookUp Values(	'Joshinandiwala',	'Joshinandiwala',	'BC'	,'Y',Getdate(),'SYSTEM',Getdate(),'SYSTEM')
INSERT INTO SubCasteLookUp Values(	'Odde Oddilu Vaddi Vaddelu',	'Odde Oddilu Vaddi Vaddelu',	'BC'	,'Y',Getdate(),'SYSTEM',Getdate(),'SYSTEM')
INSERT INTO SubCasteLookUp Values(	'Mandula',	'Mandula',	'BC'	,'Y',Getdate(),'SYSTEM',Getdate(),'SYSTEM')
INSERT INTO SubCasteLookUp Values(	'Mehtar ',	'Mehtar ',	'BC'	,'Y',Getdate(),'SYSTEM',Getdate(),'SYSTEM')
INSERT INTO SubCasteLookUp Values(	'Kunapuli',	'Kunapuli',	'BC'	,'Y',Getdate(),'SYSTEM',Getdate(),'SYSTEM')
INSERT INTO SubCasteLookUp Values(	'Achukatlavandlu',	'Achukatlavandlu',	'BC'	,'Y',Getdate(),'SYSTEM',Getdate(),'SYSTEM')
INSERT INTO SubCasteLookUp Values(	'Aryakshatriya ',	'Aryakshatriya ',	'BC'	,'Y',Getdate(),'SYSTEM',Getdate(),'SYSTEM')
INSERT INTO SubCasteLookUp Values(	'Devanga',	'Devanga',	'BC'	,'Y',Getdate(),'SYSTEM',Getdate(),'SYSTEM')
INSERT INTO SubCasteLookUp Values(	'Ediga Gowda ',	'Ediga Gowda ',	'BC'	,'Y',Getdate(),'SYSTEM',Getdate(),'SYSTEM')
INSERT INTO SubCasteLookUp Values(	'Dudekula ',	'Dudekula ',	'BC'	,'Y',Getdate(),'SYSTEM',Getdate(),'SYSTEM')
INSERT INTO SubCasteLookUp Values(	'Gandla ',	'Gandla ',	'BC'	,'Y',Getdate(),'SYSTEM',Getdate(),'SYSTEM')
INSERT INTO SubCasteLookUp Values(	'Jandra',	'Jandra',	'BC'	,'Y',Getdate(),'SYSTEM',Getdate(),'SYSTEM')

GO

INSERT INTO IG_Details Values('OM','Opinion Maker''s','Y',Getdate(),'SYSTEM',Getdate(),'SYSTEM')
INSERT INTO IG_Details Values('KV','Key Voters','Y',Getdate(),'SYSTEM',Getdate(),'SYSTEM')
INSERT INTO IG_Details Values('LBL','Local Body Leaders','Y',Getdate(),'SYSTEM',Getdate(),'SYSTEM')
INSERT INTO IG_Details Values('SHG','SHG','Y',Getdate(),'SYSTEM',Getdate(),'SYSTEM')
INSERT INTO IG_Details Values('AnganWadi','Anganwadi','Y',Getdate(),'SYSTEM',Getdate(),'SYSTEM')
INSERT INTO IG_Details Values('ASHA','ASHA','Y',Getdate(),'SYSTEM',Getdate(),'SYSTEM')
INSERT INTO IG_Details Values('WOM','WOM','Y',Getdate(),'SYSTEM',Getdate(),'SYSTEM')
INSERT INTO IG_Details Values('POM','POM','Y',Getdate(),'SYSTEM',Getdate(),'SYSTEM')
INSERT INTO IG_Details Values('COM','COM','Y',Getdate(),'SYSTEM',Getdate(),'SYSTEM')
INSERT INTO IG_Details Values('TUL','TUL','Y',Getdate(),'SYSTEM',Getdate(),'SYSTEM')

GO

